<annotation verified="yes">
	<folder>dataset_out</folder>
	<filename>1.jpg</filename>
	<path>C:\Users\brimon\Desktop\dataset_out\1.jpg</path>
	<source>
		<database>Unknown</database>
	</source>
	<size>
		<width>224</width>
		<height>224</height>
		<depth>3</depth>
	</size>
	<segmented>0</segmented>
	<object>
		<name>2</name>
		<pose>Unspecified</pose>
		<truncated>1</truncated>
		<difficult>0</difficult>
		<bndbox>
			<xmin>1</xmin>
			<ymin>43</ymin>
			<xmax>212</xmax>
			<ymax>198</ymax>
		</bndbox>
	</object>
</annotation>
