<annotation>
	<folder>dataset_out</folder>
	<filename>10.jpg</filename>
	<path>C:\Users\brimon\Desktop\dataset_out\10.jpg</path>
	<source>
		<database>Unknown</database>
	</source>
	<size>
		<width>224</width>
		<height>224</height>
		<depth>3</depth>
	</size>
	<segmented>0</segmented>
	<object>
		<name>1</name>
		<pose>Unspecified</pose>
		<truncated>0</truncated>
		<difficult>0</difficult>
		<bndbox>
			<xmin>61</xmin>
			<ymin>113</ymin>
			<xmax>97</xmax>
			<ymax>166</ymax>
		</bndbox>
	</object>
	<object>
		<name>2</name>
		<pose>Unspecified</pose>
		<truncated>0</truncated>
		<difficult>0</difficult>
		<bndbox>
			<xmin>123</xmin>
			<ymin>110</ymin>
			<xmax>169</xmax>
			<ymax>162</ymax>
		</bndbox>
	</object>
</annotation>
