<annotation>
	<folder>dataset_out</folder>
	<filename>1001.jpg</filename>
	<path>C:\Users\brimon\Desktop\dataset_out\1001.jpg</path>
	<source>
		<database>Unknown</database>
	</source>
	<size>
		<width>224</width>
		<height>224</height>
		<depth>3</depth>
	</size>
	<segmented>0</segmented>
	<object>
		<name>5</name>
		<pose>Unspecified</pose>
		<truncated>0</truncated>
		<difficult>0</difficult>
		<bndbox>
			<xmin>34</xmin>
			<ymin>93</ymin>
			<xmax>78</xmax>
			<ymax>136</ymax>
		</bndbox>
	</object>
	<object>
		<name>6</name>
		<pose>Unspecified</pose>
		<truncated>0</truncated>
		<difficult>0</difficult>
		<bndbox>
			<xmin>120</xmin>
			<ymin>88</ymin>
			<xmax>169</xmax>
			<ymax>130</ymax>
		</bndbox>
	</object>
</annotation>
