<annotation>
	<folder>dataset_out</folder>
	<filename>1005.jpg</filename>
	<path>C:\Users\brimon\Desktop\dataset_out\1005.jpg</path>
	<source>
		<database>Unknown</database>
	</source>
	<size>
		<width>224</width>
		<height>224</height>
		<depth>3</depth>
	</size>
	<segmented>0</segmented>
	<object>
		<name>5</name>
		<pose>Unspecified</pose>
		<truncated>0</truncated>
		<difficult>0</difficult>
		<bndbox>
			<xmin>65</xmin>
			<ymin>116</ymin>
			<xmax>117</xmax>
			<ymax>171</ymax>
		</bndbox>
	</object>
	<object>
		<name>6</name>
		<pose>Unspecified</pose>
		<truncated>0</truncated>
		<difficult>0</difficult>
		<bndbox>
			<xmin>159</xmin>
			<ymin>119</ymin>
			<xmax>202</xmax>
			<ymax>170</ymax>
		</bndbox>
	</object>
</annotation>
