<annotation>
	<folder>dataset_out</folder>
	<filename>1006.jpg</filename>
	<path>C:\Users\brimon\Desktop\dataset_out\1006.jpg</path>
	<source>
		<database>Unknown</database>
	</source>
	<size>
		<width>224</width>
		<height>224</height>
		<depth>3</depth>
	</size>
	<segmented>0</segmented>
	<object>
		<name>6</name>
		<pose>Unspecified</pose>
		<truncated>0</truncated>
		<difficult>0</difficult>
		<bndbox>
			<xmin>30</xmin>
			<ymin>50</ymin>
			<xmax>99</xmax>
			<ymax>120</ymax>
		</bndbox>
	</object>
	<object>
		<name>5</name>
		<pose>Unspecified</pose>
		<truncated>0</truncated>
		<difficult>0</difficult>
		<bndbox>
			<xmin>137</xmin>
			<ymin>45</ymin>
			<xmax>207</xmax>
			<ymax>108</ymax>
		</bndbox>
	</object>
</annotation>
