<annotation>
	<folder>dataset_out</folder>
	<filename>1007.jpg</filename>
	<path>C:\Users\brimon\Desktop\dataset_out\1007.jpg</path>
	<source>
		<database>Unknown</database>
	</source>
	<size>
		<width>224</width>
		<height>224</height>
		<depth>3</depth>
	</size>
	<segmented>0</segmented>
	<object>
		<name>6</name>
		<pose>Unspecified</pose>
		<truncated>0</truncated>
		<difficult>0</difficult>
		<bndbox>
			<xmin>53</xmin>
			<ymin>87</ymin>
			<xmax>102</xmax>
			<ymax>142</ymax>
		</bndbox>
	</object>
	<object>
		<name>5</name>
		<pose>Unspecified</pose>
		<truncated>0</truncated>
		<difficult>0</difficult>
		<bndbox>
			<xmin>137</xmin>
			<ymin>87</ymin>
			<xmax>189</xmax>
			<ymax>144</ymax>
		</bndbox>
	</object>
</annotation>
