<annotation>
	<folder>dataset_out</folder>
	<filename>1008.jpg</filename>
	<path>C:\Users\brimon\Desktop\dataset_out\1008.jpg</path>
	<source>
		<database>Unknown</database>
	</source>
	<size>
		<width>224</width>
		<height>224</height>
		<depth>3</depth>
	</size>
	<segmented>0</segmented>
	<object>
		<name>6</name>
		<pose>Unspecified</pose>
		<truncated>0</truncated>
		<difficult>0</difficult>
		<bndbox>
			<xmin>25</xmin>
			<ymin>85</ymin>
			<xmax>75</xmax>
			<ymax>143</ymax>
		</bndbox>
	</object>
	<object>
		<name>5</name>
		<pose>Unspecified</pose>
		<truncated>0</truncated>
		<difficult>0</difficult>
		<bndbox>
			<xmin>106</xmin>
			<ymin>88</ymin>
			<xmax>157</xmax>
			<ymax>144</ymax>
		</bndbox>
	</object>
</annotation>
