<annotation>
	<folder>dataset_out</folder>
	<filename>1009.jpg</filename>
	<path>C:\Users\brimon\Desktop\dataset_out\1009.jpg</path>
	<source>
		<database>Unknown</database>
	</source>
	<size>
		<width>224</width>
		<height>224</height>
		<depth>3</depth>
	</size>
	<segmented>0</segmented>
	<object>
		<name>6</name>
		<pose>Unspecified</pose>
		<truncated>0</truncated>
		<difficult>0</difficult>
		<bndbox>
			<xmin>26</xmin>
			<ymin>85</ymin>
			<xmax>75</xmax>
			<ymax>144</ymax>
		</bndbox>
	</object>
	<object>
		<name>5</name>
		<pose>Unspecified</pose>
		<truncated>0</truncated>
		<difficult>0</difficult>
		<bndbox>
			<xmin>109</xmin>
			<ymin>90</ymin>
			<xmax>156</xmax>
			<ymax>145</ymax>
		</bndbox>
	</object>
</annotation>
