<annotation>
	<folder>dataset_out</folder>
	<filename>1010.jpg</filename>
	<path>C:\Users\brimon\Desktop\dataset_out\1010.jpg</path>
	<source>
		<database>Unknown</database>
	</source>
	<size>
		<width>224</width>
		<height>224</height>
		<depth>3</depth>
	</size>
	<segmented>0</segmented>
	<object>
		<name>6</name>
		<pose>Unspecified</pose>
		<truncated>0</truncated>
		<difficult>0</difficult>
		<bndbox>
			<xmin>26</xmin>
			<ymin>98</ymin>
			<xmax>73</xmax>
			<ymax>164</ymax>
		</bndbox>
	</object>
	<object>
		<name>5</name>
		<pose>Unspecified</pose>
		<truncated>0</truncated>
		<difficult>0</difficult>
		<bndbox>
			<xmin>111</xmin>
			<ymin>100</ymin>
			<xmax>159</xmax>
			<ymax>166</ymax>
		</bndbox>
	</object>
</annotation>
