<annotation>
	<folder>dataset_out</folder>
	<filename>1012.jpg</filename>
	<path>C:\Users\brimon\Desktop\dataset_out\1012.jpg</path>
	<source>
		<database>Unknown</database>
	</source>
	<size>
		<width>224</width>
		<height>224</height>
		<depth>3</depth>
	</size>
	<segmented>0</segmented>
	<object>
		<name>6</name>
		<pose>Unspecified</pose>
		<truncated>0</truncated>
		<difficult>0</difficult>
		<bndbox>
			<xmin>37</xmin>
			<ymin>96</ymin>
			<xmax>93</xmax>
			<ymax>152</ymax>
		</bndbox>
	</object>
	<object>
		<name>5</name>
		<pose>Unspecified</pose>
		<truncated>0</truncated>
		<difficult>0</difficult>
		<bndbox>
			<xmin>129</xmin>
			<ymin>101</ymin>
			<xmax>184</xmax>
			<ymax>153</ymax>
		</bndbox>
	</object>
</annotation>
