<annotation>
	<folder>dataset_out</folder>
	<filename>1013.jpg</filename>
	<path>C:\Users\brimon\Desktop\dataset_out\1013.jpg</path>
	<source>
		<database>Unknown</database>
	</source>
	<size>
		<width>224</width>
		<height>224</height>
		<depth>3</depth>
	</size>
	<segmented>0</segmented>
	<object>
		<name>6</name>
		<pose>Unspecified</pose>
		<truncated>0</truncated>
		<difficult>0</difficult>
		<bndbox>
			<xmin>63</xmin>
			<ymin>87</ymin>
			<xmax>112</xmax>
			<ymax>125</ymax>
		</bndbox>
	</object>
	<object>
		<name>5</name>
		<pose>Unspecified</pose>
		<truncated>0</truncated>
		<difficult>0</difficult>
		<bndbox>
			<xmin>145</xmin>
			<ymin>88</ymin>
			<xmax>199</xmax>
			<ymax>127</ymax>
		</bndbox>
	</object>
</annotation>
