<annotation>
	<folder>dataset_out</folder>
	<filename>1014.jpg</filename>
	<path>C:\Users\brimon\Desktop\dataset_out\1014.jpg</path>
	<source>
		<database>Unknown</database>
	</source>
	<size>
		<width>224</width>
		<height>224</height>
		<depth>3</depth>
	</size>
	<segmented>0</segmented>
	<object>
		<name>6</name>
		<pose>Unspecified</pose>
		<truncated>0</truncated>
		<difficult>0</difficult>
		<bndbox>
			<xmin>104</xmin>
			<ymin>93</ymin>
			<xmax>145</xmax>
			<ymax>133</ymax>
		</bndbox>
	</object>
	<object>
		<name>5</name>
		<pose>Unspecified</pose>
		<truncated>1</truncated>
		<difficult>0</difficult>
		<bndbox>
			<xmin>175</xmin>
			<ymin>91</ymin>
			<xmax>224</xmax>
			<ymax>131</ymax>
		</bndbox>
	</object>
</annotation>
