<annotation>
	<folder>dataset_out</folder>
	<filename>1016.jpg</filename>
	<path>C:\Users\brimon\Desktop\dataset_out\1016.jpg</path>
	<source>
		<database>Unknown</database>
	</source>
	<size>
		<width>224</width>
		<height>224</height>
		<depth>3</depth>
	</size>
	<segmented>0</segmented>
	<object>
		<name>6</name>
		<pose>Unspecified</pose>
		<truncated>0</truncated>
		<difficult>0</difficult>
		<bndbox>
			<xmin>60</xmin>
			<ymin>71</ymin>
			<xmax>110</xmax>
			<ymax>125</ymax>
		</bndbox>
	</object>
	<object>
		<name>5</name>
		<pose>Unspecified</pose>
		<truncated>0</truncated>
		<difficult>0</difficult>
		<bndbox>
			<xmin>141</xmin>
			<ymin>66</ymin>
			<xmax>196</xmax>
			<ymax>121</ymax>
		</bndbox>
	</object>
</annotation>
