<annotation>
	<folder>dataset_out</folder>
	<filename>1019.jpg</filename>
	<path>C:\Users\brimon\Desktop\dataset_out\1019.jpg</path>
	<source>
		<database>Unknown</database>
	</source>
	<size>
		<width>224</width>
		<height>224</height>
		<depth>3</depth>
	</size>
	<segmented>0</segmented>
	<object>
		<name>6</name>
		<pose>Unspecified</pose>
		<truncated>0</truncated>
		<difficult>0</difficult>
		<bndbox>
			<xmin>59</xmin>
			<ymin>113</ymin>
			<xmax>106</xmax>
			<ymax>165</ymax>
		</bndbox>
	</object>
	<object>
		<name>5</name>
		<pose>Unspecified</pose>
		<truncated>0</truncated>
		<difficult>0</difficult>
		<bndbox>
			<xmin>128</xmin>
			<ymin>114</ymin>
			<xmax>173</xmax>
			<ymax>162</ymax>
		</bndbox>
	</object>
</annotation>
