<annotation>
	<folder>dataset_out</folder>
	<filename>102.jpg</filename>
	<path>C:\Users\brimon\Desktop\dataset_out\102.jpg</path>
	<source>
		<database>Unknown</database>
	</source>
	<size>
		<width>224</width>
		<height>224</height>
		<depth>3</depth>
	</size>
	<segmented>0</segmented>
	<object>
		<name>3</name>
		<pose>Unspecified</pose>
		<truncated>0</truncated>
		<difficult>0</difficult>
		<bndbox>
			<xmin>37</xmin>
			<ymin>60</ymin>
			<xmax>93</xmax>
			<ymax>136</ymax>
		</bndbox>
	</object>
	<object>
		<name>4</name>
		<pose>Unspecified</pose>
		<truncated>0</truncated>
		<difficult>0</difficult>
		<bndbox>
			<xmin>136</xmin>
			<ymin>53</ymin>
			<xmax>207</xmax>
			<ymax>144</ymax>
		</bndbox>
	</object>
</annotation>
