<annotation>
	<folder>dataset_out</folder>
	<filename>1022.jpg</filename>
	<path>C:\Users\brimon\Desktop\dataset_out\1022.jpg</path>
	<source>
		<database>Unknown</database>
	</source>
	<size>
		<width>224</width>
		<height>224</height>
		<depth>3</depth>
	</size>
	<segmented>0</segmented>
	<object>
		<name>7</name>
		<pose>Unspecified</pose>
		<truncated>0</truncated>
		<difficult>0</difficult>
		<bndbox>
			<xmin>27</xmin>
			<ymin>81</ymin>
			<xmax>75</xmax>
			<ymax>142</ymax>
		</bndbox>
	</object>
	<object>
		<name>1</name>
		<pose>Unspecified</pose>
		<truncated>0</truncated>
		<difficult>0</difficult>
		<bndbox>
			<xmin>109</xmin>
			<ymin>87</ymin>
			<xmax>153</xmax>
			<ymax>143</ymax>
		</bndbox>
	</object>
</annotation>
