<annotation>
	<folder>dataset_out</folder>
	<filename>1023.jpg</filename>
	<path>C:\Users\brimon\Desktop\dataset_out\1023.jpg</path>
	<source>
		<database>Unknown</database>
	</source>
	<size>
		<width>224</width>
		<height>224</height>
		<depth>3</depth>
	</size>
	<segmented>0</segmented>
	<object>
		<name>7</name>
		<pose>Unspecified</pose>
		<truncated>0</truncated>
		<difficult>0</difficult>
		<bndbox>
			<xmin>67</xmin>
			<ymin>109</ymin>
			<xmax>114</xmax>
			<ymax>160</ymax>
		</bndbox>
	</object>
	<object>
		<name>1</name>
		<pose>Unspecified</pose>
		<truncated>0</truncated>
		<difficult>0</difficult>
		<bndbox>
			<xmin>149</xmin>
			<ymin>106</ymin>
			<xmax>199</xmax>
			<ymax>161</ymax>
		</bndbox>
	</object>
</annotation>
