<annotation>
	<folder>dataset_out</folder>
	<filename>1027.jpg</filename>
	<path>C:\Users\brimon\Desktop\dataset_out\1027.jpg</path>
	<source>
		<database>Unknown</database>
	</source>
	<size>
		<width>224</width>
		<height>224</height>
		<depth>3</depth>
	</size>
	<segmented>0</segmented>
	<object>
		<name>7</name>
		<pose>Unspecified</pose>
		<truncated>0</truncated>
		<difficult>0</difficult>
		<bndbox>
			<xmin>30</xmin>
			<ymin>83</ymin>
			<xmax>75</xmax>
			<ymax>141</ymax>
		</bndbox>
	</object>
	<object>
		<name>1</name>
		<pose>Unspecified</pose>
		<truncated>0</truncated>
		<difficult>0</difficult>
		<bndbox>
			<xmin>108</xmin>
			<ymin>82</ymin>
			<xmax>150</xmax>
			<ymax>141</ymax>
		</bndbox>
	</object>
</annotation>
