<annotation>
	<folder>dataset_out</folder>
	<filename>1028.jpg</filename>
	<path>C:\Users\brimon\Desktop\dataset_out\1028.jpg</path>
	<source>
		<database>Unknown</database>
	</source>
	<size>
		<width>224</width>
		<height>224</height>
		<depth>3</depth>
	</size>
	<segmented>0</segmented>
	<object>
		<name>7</name>
		<pose>Unspecified</pose>
		<truncated>0</truncated>
		<difficult>0</difficult>
		<bndbox>
			<xmin>50</xmin>
			<ymin>93</ymin>
			<xmax>101</xmax>
			<ymax>162</ymax>
		</bndbox>
	</object>
	<object>
		<name>1</name>
		<pose>Unspecified</pose>
		<truncated>0</truncated>
		<difficult>0</difficult>
		<bndbox>
			<xmin>137</xmin>
			<ymin>101</ymin>
			<xmax>186</xmax>
			<ymax>178</ymax>
		</bndbox>
	</object>
</annotation>
