<annotation>
	<folder>dataset_out</folder>
	<filename>1030.jpg</filename>
	<path>C:\Users\brimon\Desktop\dataset_out\1030.jpg</path>
	<source>
		<database>Unknown</database>
	</source>
	<size>
		<width>224</width>
		<height>224</height>
		<depth>3</depth>
	</size>
	<segmented>0</segmented>
	<object>
		<name>7</name>
		<pose>Unspecified</pose>
		<truncated>0</truncated>
		<difficult>0</difficult>
		<bndbox>
			<xmin>70</xmin>
			<ymin>77</ymin>
			<xmax>129</xmax>
			<ymax>127</ymax>
		</bndbox>
	</object>
	<object>
		<name>1</name>
		<pose>Unspecified</pose>
		<truncated>1</truncated>
		<difficult>0</difficult>
		<bndbox>
			<xmin>170</xmin>
			<ymin>85</ymin>
			<xmax>224</xmax>
			<ymax>134</ymax>
		</bndbox>
	</object>
</annotation>
