<annotation verified="yes">
	<folder>dataset_out</folder>
	<filename>1031.jpg</filename>
	<path>C:\Users\brimon\Desktop\dataset_out\1031.jpg</path>
	<source>
		<database>Unknown</database>
	</source>
	<size>
		<width>224</width>
		<height>224</height>
		<depth>3</depth>
	</size>
	<segmented>0</segmented>
	<object>
		<name>7</name>
		<pose>Unspecified</pose>
		<truncated>0</truncated>
		<difficult>0</difficult>
		<bndbox>
			<xmin>41</xmin>
			<ymin>79</ymin>
			<xmax>91</xmax>
			<ymax>127</ymax>
		</bndbox>
	</object>
	<object>
		<name>1</name>
		<pose>Unspecified</pose>
		<truncated>0</truncated>
		<difficult>0</difficult>
		<bndbox>
			<xmin>132</xmin>
			<ymin>78</ymin>
			<xmax>182</xmax>
			<ymax>130</ymax>
		</bndbox>
	</object>
</annotation>
