<annotation>
	<folder>dataset_out</folder>
	<filename>1032.jpg</filename>
	<path>C:\Users\brimon\Desktop\dataset_out\1032.jpg</path>
	<source>
		<database>Unknown</database>
	</source>
	<size>
		<width>224</width>
		<height>224</height>
		<depth>3</depth>
	</size>
	<segmented>0</segmented>
	<object>
		<name>7</name>
		<pose>Unspecified</pose>
		<truncated>0</truncated>
		<difficult>0</difficult>
		<bndbox>
			<xmin>44</xmin>
			<ymin>118</ymin>
			<xmax>93</xmax>
			<ymax>173</ymax>
		</bndbox>
	</object>
	<object>
		<name>1</name>
		<pose>Unspecified</pose>
		<truncated>0</truncated>
		<difficult>0</difficult>
		<bndbox>
			<xmin>132</xmin>
			<ymin>119</ymin>
			<xmax>179</xmax>
			<ymax>178</ymax>
		</bndbox>
	</object>
</annotation>
