<annotation>
	<folder>dataset_out</folder>
	<filename>1033.jpg</filename>
	<path>C:\Users\brimon\Desktop\dataset_out\1033.jpg</path>
	<source>
		<database>Unknown</database>
	</source>
	<size>
		<width>224</width>
		<height>224</height>
		<depth>3</depth>
	</size>
	<segmented>0</segmented>
	<object>
		<name>7</name>
		<pose>Unspecified</pose>
		<truncated>0</truncated>
		<difficult>0</difficult>
		<bndbox>
			<xmin>52</xmin>
			<ymin>117</ymin>
			<xmax>98</xmax>
			<ymax>170</ymax>
		</bndbox>
	</object>
	<object>
		<name>1</name>
		<pose>Unspecified</pose>
		<truncated>0</truncated>
		<difficult>0</difficult>
		<bndbox>
			<xmin>133</xmin>
			<ymin>118</ymin>
			<xmax>182</xmax>
			<ymax>175</ymax>
		</bndbox>
	</object>
</annotation>
