<annotation>
	<folder>dataset_out</folder>
	<filename>1034.jpg</filename>
	<path>C:\Users\brimon\Desktop\dataset_out\1034.jpg</path>
	<source>
		<database>Unknown</database>
	</source>
	<size>
		<width>224</width>
		<height>224</height>
		<depth>3</depth>
	</size>
	<segmented>0</segmented>
	<object>
		<name>7</name>
		<pose>Unspecified</pose>
		<truncated>0</truncated>
		<difficult>0</difficult>
		<bndbox>
			<xmin>60</xmin>
			<ymin>101</ymin>
			<xmax>101</xmax>
			<ymax>148</ymax>
		</bndbox>
	</object>
	<object>
		<name>1</name>
		<pose>Unspecified</pose>
		<truncated>0</truncated>
		<difficult>0</difficult>
		<bndbox>
			<xmin>138</xmin>
			<ymin>103</ymin>
			<xmax>182</xmax>
			<ymax>152</ymax>
		</bndbox>
	</object>
</annotation>
