<annotation>
	<folder>dataset_out</folder>
	<filename>1036.jpg</filename>
	<path>C:\Users\brimon\Desktop\dataset_out\1036.jpg</path>
	<source>
		<database>Unknown</database>
	</source>
	<size>
		<width>224</width>
		<height>224</height>
		<depth>3</depth>
	</size>
	<segmented>0</segmented>
	<object>
		<name>7</name>
		<pose>Unspecified</pose>
		<truncated>0</truncated>
		<difficult>0</difficult>
		<bndbox>
			<xmin>62</xmin>
			<ymin>120</ymin>
			<xmax>108</xmax>
			<ymax>176</ymax>
		</bndbox>
	</object>
	<object>
		<name>1</name>
		<pose>Unspecified</pose>
		<truncated>0</truncated>
		<difficult>0</difficult>
		<bndbox>
			<xmin>144</xmin>
			<ymin>125</ymin>
			<xmax>195</xmax>
			<ymax>178</ymax>
		</bndbox>
	</object>
</annotation>
