<annotation>
	<folder>dataset_out</folder>
	<filename>1037.jpg</filename>
	<path>C:\Users\brimon\Desktop\dataset_out\1037.jpg</path>
	<source>
		<database>Unknown</database>
	</source>
	<size>
		<width>224</width>
		<height>224</height>
		<depth>3</depth>
	</size>
	<segmented>0</segmented>
	<object>
		<name>7</name>
		<pose>Unspecified</pose>
		<truncated>0</truncated>
		<difficult>0</difficult>
		<bndbox>
			<xmin>67</xmin>
			<ymin>94</ymin>
			<xmax>116</xmax>
			<ymax>147</ymax>
		</bndbox>
	</object>
	<object>
		<name>1</name>
		<pose>Unspecified</pose>
		<truncated>0</truncated>
		<difficult>0</difficult>
		<bndbox>
			<xmin>155</xmin>
			<ymin>98</ymin>
			<xmax>204</xmax>
			<ymax>153</ymax>
		</bndbox>
	</object>
</annotation>
