<annotation>
	<folder>dataset_out</folder>
	<filename>1039.jpg</filename>
	<path>C:\Users\brimon\Desktop\dataset_out\1039.jpg</path>
	<source>
		<database>Unknown</database>
	</source>
	<size>
		<width>224</width>
		<height>224</height>
		<depth>3</depth>
	</size>
	<segmented>0</segmented>
	<object>
		<name>7</name>
		<pose>Unspecified</pose>
		<truncated>0</truncated>
		<difficult>0</difficult>
		<bndbox>
			<xmin>65</xmin>
			<ymin>24</ymin>
			<xmax>109</xmax>
			<ymax>62</ymax>
		</bndbox>
	</object>
	<object>
		<name>1</name>
		<pose>Unspecified</pose>
		<truncated>0</truncated>
		<difficult>0</difficult>
		<bndbox>
			<xmin>148</xmin>
			<ymin>22</ymin>
			<xmax>194</xmax>
			<ymax>65</ymax>
		</bndbox>
	</object>
</annotation>
