<annotation>
	<folder>dataset_out</folder>
	<filename>104.jpg</filename>
	<path>C:\Users\brimon\Desktop\dataset_out\104.jpg</path>
	<source>
		<database>Unknown</database>
	</source>
	<size>
		<width>224</width>
		<height>224</height>
		<depth>3</depth>
	</size>
	<segmented>0</segmented>
	<object>
		<name>3</name>
		<pose>Unspecified</pose>
		<truncated>1</truncated>
		<difficult>0</difficult>
		<bndbox>
			<xmin>1</xmin>
			<ymin>128</ymin>
			<xmax>74</xmax>
			<ymax>221</ymax>
		</bndbox>
	</object>
	<object>
		<name>4</name>
		<pose>Unspecified</pose>
		<truncated>0</truncated>
		<difficult>0</difficult>
		<bndbox>
			<xmin>113</xmin>
			<ymin>116</ymin>
			<xmax>186</xmax>
			<ymax>208</ymax>
		</bndbox>
	</object>
</annotation>
