<annotation>
	<folder>dataset_out</folder>
	<filename>1041.jpg</filename>
	<path>C:\Users\brimon\Desktop\dataset_out\1041.jpg</path>
	<source>
		<database>Unknown</database>
	</source>
	<size>
		<width>224</width>
		<height>224</height>
		<depth>3</depth>
	</size>
	<segmented>0</segmented>
	<object>
		<name>7</name>
		<pose>Unspecified</pose>
		<truncated>0</truncated>
		<difficult>0</difficult>
		<bndbox>
			<xmin>42</xmin>
			<ymin>70</ymin>
			<xmax>87</xmax>
			<ymax>127</ymax>
		</bndbox>
	</object>
	<object>
		<name>1</name>
		<pose>Unspecified</pose>
		<truncated>0</truncated>
		<difficult>0</difficult>
		<bndbox>
			<xmin>123</xmin>
			<ymin>68</ymin>
			<xmax>176</xmax>
			<ymax>133</ymax>
		</bndbox>
	</object>
</annotation>
