<annotation>
	<folder>dataset_out</folder>
	<filename>1042.jpg</filename>
	<path>C:\Users\brimon\Desktop\dataset_out\1042.jpg</path>
	<source>
		<database>Unknown</database>
	</source>
	<size>
		<width>224</width>
		<height>224</height>
		<depth>3</depth>
	</size>
	<segmented>0</segmented>
	<object>
		<name>7</name>
		<pose>Unspecified</pose>
		<truncated>0</truncated>
		<difficult>0</difficult>
		<bndbox>
			<xmin>35</xmin>
			<ymin>98</ymin>
			<xmax>86</xmax>
			<ymax>159</ymax>
		</bndbox>
	</object>
	<object>
		<name>1</name>
		<pose>Unspecified</pose>
		<truncated>0</truncated>
		<difficult>0</difficult>
		<bndbox>
			<xmin>126</xmin>
			<ymin>106</ymin>
			<xmax>172</xmax>
			<ymax>172</ymax>
		</bndbox>
	</object>
</annotation>
