<annotation>
	<folder>dataset_out</folder>
	<filename>1043.jpg</filename>
	<path>C:\Users\brimon\Desktop\dataset_out\1043.jpg</path>
	<source>
		<database>Unknown</database>
	</source>
	<size>
		<width>224</width>
		<height>224</height>
		<depth>3</depth>
	</size>
	<segmented>0</segmented>
	<object>
		<name>7</name>
		<pose>Unspecified</pose>
		<truncated>0</truncated>
		<difficult>0</difficult>
		<bndbox>
			<xmin>30</xmin>
			<ymin>126</ymin>
			<xmax>86</xmax>
			<ymax>194</ymax>
		</bndbox>
	</object>
	<object>
		<name>1</name>
		<pose>Unspecified</pose>
		<truncated>0</truncated>
		<difficult>0</difficult>
		<bndbox>
			<xmin>129</xmin>
			<ymin>132</ymin>
			<xmax>178</xmax>
			<ymax>204</ymax>
		</bndbox>
	</object>
</annotation>
