<annotation>
	<folder>dataset_out</folder>
	<filename>1045.jpg</filename>
	<path>C:\Users\brimon\Desktop\dataset_out\1045.jpg</path>
	<source>
		<database>Unknown</database>
	</source>
	<size>
		<width>224</width>
		<height>224</height>
		<depth>3</depth>
	</size>
	<segmented>0</segmented>
	<object>
		<name>7</name>
		<pose>Unspecified</pose>
		<truncated>0</truncated>
		<difficult>0</difficult>
		<bndbox>
			<xmin>45</xmin>
			<ymin>94</ymin>
			<xmax>104</xmax>
			<ymax>145</ymax>
		</bndbox>
	</object>
	<object>
		<name>1</name>
		<pose>Unspecified</pose>
		<truncated>0</truncated>
		<difficult>0</difficult>
		<bndbox>
			<xmin>149</xmin>
			<ymin>95</ymin>
			<xmax>198</xmax>
			<ymax>143</ymax>
		</bndbox>
	</object>
</annotation>
