<annotation>
	<folder>dataset_out</folder>
	<filename>1048.jpg</filename>
	<path>C:\Users\brimon\Desktop\dataset_out\1048.jpg</path>
	<source>
		<database>Unknown</database>
	</source>
	<size>
		<width>224</width>
		<height>224</height>
		<depth>3</depth>
	</size>
	<segmented>0</segmented>
	<object>
		<name>7</name>
		<pose>Unspecified</pose>
		<truncated>0</truncated>
		<difficult>0</difficult>
		<bndbox>
			<xmin>70</xmin>
			<ymin>117</ymin>
			<xmax>121</xmax>
			<ymax>176</ymax>
		</bndbox>
	</object>
	<object>
		<name>1</name>
		<pose>Unspecified</pose>
		<truncated>0</truncated>
		<difficult>0</difficult>
		<bndbox>
			<xmin>155</xmin>
			<ymin>123</ymin>
			<xmax>204</xmax>
			<ymax>182</ymax>
		</bndbox>
	</object>
</annotation>
