<annotation>
	<folder>dataset_out</folder>
	<filename>1049.jpg</filename>
	<path>C:\Users\brimon\Desktop\dataset_out\1049.jpg</path>
	<source>
		<database>Unknown</database>
	</source>
	<size>
		<width>224</width>
		<height>224</height>
		<depth>3</depth>
	</size>
	<segmented>0</segmented>
	<object>
		<name>7</name>
		<pose>Unspecified</pose>
		<truncated>0</truncated>
		<difficult>0</difficult>
		<bndbox>
			<xmin>24</xmin>
			<ymin>120</ymin>
			<xmax>73</xmax>
			<ymax>179</ymax>
		</bndbox>
	</object>
	<object>
		<name>1</name>
		<pose>Unspecified</pose>
		<truncated>0</truncated>
		<difficult>0</difficult>
		<bndbox>
			<xmin>105</xmin>
			<ymin>133</ymin>
			<xmax>147</xmax>
			<ymax>188</ymax>
		</bndbox>
	</object>
</annotation>
