<annotation>
	<folder>dataset_out</folder>
	<filename>105.jpg</filename>
	<path>C:\Users\brimon\Desktop\dataset_out\105.jpg</path>
	<source>
		<database>Unknown</database>
	</source>
	<size>
		<width>224</width>
		<height>224</height>
		<depth>3</depth>
	</size>
	<segmented>0</segmented>
	<object>
		<name>3</name>
		<pose>Unspecified</pose>
		<truncated>0</truncated>
		<difficult>0</difficult>
		<bndbox>
			<xmin>57</xmin>
			<ymin>80</ymin>
			<xmax>118</xmax>
			<ymax>148</ymax>
		</bndbox>
	</object>
	<object>
		<name>4</name>
		<pose>Unspecified</pose>
		<truncated>0</truncated>
		<difficult>0</difficult>
		<bndbox>
			<xmin>149</xmin>
			<ymin>74</ymin>
			<xmax>198</xmax>
			<ymax>137</ymax>
		</bndbox>
	</object>
</annotation>
