<annotation>
	<folder>dataset_out</folder>
	<filename>1050.jpg</filename>
	<path>C:\Users\brimon\Desktop\dataset_out\1050.jpg</path>
	<source>
		<database>Unknown</database>
	</source>
	<size>
		<width>224</width>
		<height>224</height>
		<depth>3</depth>
	</size>
	<segmented>0</segmented>
	<object>
		<name>7</name>
		<pose>Unspecified</pose>
		<truncated>0</truncated>
		<difficult>0</difficult>
		<bndbox>
			<xmin>50</xmin>
			<ymin>106</ymin>
			<xmax>87</xmax>
			<ymax>155</ymax>
		</bndbox>
	</object>
	<object>
		<name>1</name>
		<pose>Unspecified</pose>
		<truncated>0</truncated>
		<difficult>0</difficult>
		<bndbox>
			<xmin>120</xmin>
			<ymin>116</ymin>
			<xmax>154</xmax>
			<ymax>164</ymax>
		</bndbox>
	</object>
</annotation>
