<annotation>
	<folder>dataset_out</folder>
	<filename>1051.jpg</filename>
	<path>C:\Users\brimon\Desktop\dataset_out\1051.jpg</path>
	<source>
		<database>Unknown</database>
	</source>
	<size>
		<width>224</width>
		<height>224</height>
		<depth>3</depth>
	</size>
	<segmented>0</segmented>
	<object>
		<name>7</name>
		<pose>Unspecified</pose>
		<truncated>0</truncated>
		<difficult>0</difficult>
		<bndbox>
			<xmin>75</xmin>
			<ymin>113</ymin>
			<xmax>113</xmax>
			<ymax>166</ymax>
		</bndbox>
	</object>
	<object>
		<name>1</name>
		<pose>Unspecified</pose>
		<truncated>0</truncated>
		<difficult>0</difficult>
		<bndbox>
			<xmin>147</xmin>
			<ymin>112</ymin>
			<xmax>186</xmax>
			<ymax>171</ymax>
		</bndbox>
	</object>
</annotation>
