<annotation>
	<folder>dataset_out</folder>
	<filename>1052.jpg</filename>
	<path>C:\Users\brimon\Desktop\dataset_out\1052.jpg</path>
	<source>
		<database>Unknown</database>
	</source>
	<size>
		<width>224</width>
		<height>224</height>
		<depth>3</depth>
	</size>
	<segmented>0</segmented>
	<object>
		<name>7</name>
		<pose>Unspecified</pose>
		<truncated>0</truncated>
		<difficult>0</difficult>
		<bndbox>
			<xmin>63</xmin>
			<ymin>101</ymin>
			<xmax>106</xmax>
			<ymax>154</ymax>
		</bndbox>
	</object>
	<object>
		<name>1</name>
		<pose>Unspecified</pose>
		<truncated>0</truncated>
		<difficult>0</difficult>
		<bndbox>
			<xmin>145</xmin>
			<ymin>92</ymin>
			<xmax>195</xmax>
			<ymax>156</ymax>
		</bndbox>
	</object>
</annotation>
