<annotation>
	<folder>dataset_out</folder>
	<filename>1055.jpg</filename>
	<path>C:\Users\brimon\Desktop\dataset_out\1055.jpg</path>
	<source>
		<database>Unknown</database>
	</source>
	<size>
		<width>224</width>
		<height>224</height>
		<depth>3</depth>
	</size>
	<segmented>0</segmented>
	<object>
		<name>7</name>
		<pose>Unspecified</pose>
		<truncated>0</truncated>
		<difficult>0</difficult>
		<bndbox>
			<xmin>39</xmin>
			<ymin>116</ymin>
			<xmax>92</xmax>
			<ymax>172</ymax>
		</bndbox>
	</object>
	<object>
		<name>1</name>
		<pose>Unspecified</pose>
		<truncated>0</truncated>
		<difficult>0</difficult>
		<bndbox>
			<xmin>128</xmin>
			<ymin>125</ymin>
			<xmax>175</xmax>
			<ymax>184</ymax>
		</bndbox>
	</object>
</annotation>
