<annotation>
	<folder>dataset_out</folder>
	<filename>1056.jpg</filename>
	<path>C:\Users\brimon\Desktop\dataset_out\1056.jpg</path>
	<source>
		<database>Unknown</database>
	</source>
	<size>
		<width>224</width>
		<height>224</height>
		<depth>3</depth>
	</size>
	<segmented>0</segmented>
	<object>
		<name>7</name>
		<pose>Unspecified</pose>
		<truncated>0</truncated>
		<difficult>0</difficult>
		<bndbox>
			<xmin>52</xmin>
			<ymin>108</ymin>
			<xmax>103</xmax>
			<ymax>166</ymax>
		</bndbox>
	</object>
	<object>
		<name>1</name>
		<pose>Unspecified</pose>
		<truncated>0</truncated>
		<difficult>0</difficult>
		<bndbox>
			<xmin>139</xmin>
			<ymin>118</ymin>
			<xmax>184</xmax>
			<ymax>186</ymax>
		</bndbox>
	</object>
</annotation>
