<annotation>
	<folder>dataset_out</folder>
	<filename>1057.jpg</filename>
	<path>C:\Users\brimon\Desktop\dataset_out\1057.jpg</path>
	<source>
		<database>Unknown</database>
	</source>
	<size>
		<width>224</width>
		<height>224</height>
		<depth>3</depth>
	</size>
	<segmented>0</segmented>
	<object>
		<name>7</name>
		<pose>Unspecified</pose>
		<truncated>0</truncated>
		<difficult>0</difficult>
		<bndbox>
			<xmin>56</xmin>
			<ymin>104</ymin>
			<xmax>103</xmax>
			<ymax>165</ymax>
		</bndbox>
	</object>
	<object>
		<name>1</name>
		<pose>Unspecified</pose>
		<truncated>0</truncated>
		<difficult>0</difficult>
		<bndbox>
			<xmin>138</xmin>
			<ymin>115</ymin>
			<xmax>181</xmax>
			<ymax>181</ymax>
		</bndbox>
	</object>
</annotation>
