<annotation>
	<folder>dataset_out</folder>
	<filename>1058.jpg</filename>
	<path>C:\Users\brimon\Desktop\dataset_out\1058.jpg</path>
	<source>
		<database>Unknown</database>
	</source>
	<size>
		<width>224</width>
		<height>224</height>
		<depth>3</depth>
	</size>
	<segmented>0</segmented>
	<object>
		<name>7</name>
		<pose>Unspecified</pose>
		<truncated>0</truncated>
		<difficult>0</difficult>
		<bndbox>
			<xmin>28</xmin>
			<ymin>71</ymin>
			<xmax>72</xmax>
			<ymax>126</ymax>
		</bndbox>
	</object>
	<object>
		<name>1</name>
		<pose>Unspecified</pose>
		<truncated>0</truncated>
		<difficult>0</difficult>
		<bndbox>
			<xmin>113</xmin>
			<ymin>70</ymin>
			<xmax>165</xmax>
			<ymax>136</ymax>
		</bndbox>
	</object>
</annotation>
