<annotation>
	<folder>dataset_out</folder>
	<filename>1059.jpg</filename>
	<path>C:\Users\brimon\Desktop\dataset_out\1059.jpg</path>
	<source>
		<database>Unknown</database>
	</source>
	<size>
		<width>224</width>
		<height>224</height>
		<depth>3</depth>
	</size>
	<segmented>0</segmented>
	<object>
		<name>7</name>
		<pose>Unspecified</pose>
		<truncated>0</truncated>
		<difficult>0</difficult>
		<bndbox>
			<xmin>2</xmin>
			<ymin>87</ymin>
			<xmax>58</xmax>
			<ymax>146</ymax>
		</bndbox>
	</object>
	<object>
		<name>1</name>
		<pose>Unspecified</pose>
		<truncated>0</truncated>
		<difficult>0</difficult>
		<bndbox>
			<xmin>106</xmin>
			<ymin>74</ymin>
			<xmax>162</xmax>
			<ymax>131</ymax>
		</bndbox>
	</object>
</annotation>
