<annotation>
	<folder>dataset_out</folder>
	<filename>1062.jpg</filename>
	<path>C:\Users\brimon\Desktop\dataset_out\1062.jpg</path>
	<source>
		<database>Unknown</database>
	</source>
	<size>
		<width>224</width>
		<height>224</height>
		<depth>3</depth>
	</size>
	<segmented>0</segmented>
	<object>
		<name>7</name>
		<pose>Unspecified</pose>
		<truncated>0</truncated>
		<difficult>0</difficult>
		<bndbox>
			<xmin>35</xmin>
			<ymin>97</ymin>
			<xmax>80</xmax>
			<ymax>153</ymax>
		</bndbox>
	</object>
	<object>
		<name>1</name>
		<pose>Unspecified</pose>
		<truncated>0</truncated>
		<difficult>0</difficult>
		<bndbox>
			<xmin>120</xmin>
			<ymin>103</ymin>
			<xmax>162</xmax>
			<ymax>166</ymax>
		</bndbox>
	</object>
</annotation>
