<annotation>
	<folder>dataset_out</folder>
	<filename>1063.jpg</filename>
	<path>C:\Users\brimon\Desktop\dataset_out\1063.jpg</path>
	<source>
		<database>Unknown</database>
	</source>
	<size>
		<width>224</width>
		<height>224</height>
		<depth>3</depth>
	</size>
	<segmented>0</segmented>
	<object>
		<name>2</name>
		<pose>Unspecified</pose>
		<truncated>0</truncated>
		<difficult>0</difficult>
		<bndbox>
			<xmin>29</xmin>
			<ymin>73</ymin>
			<xmax>90</xmax>
			<ymax>148</ymax>
		</bndbox>
	</object>
	<object>
		<name>4</name>
		<pose>Unspecified</pose>
		<truncated>0</truncated>
		<difficult>0</difficult>
		<bndbox>
			<xmin>118</xmin>
			<ymin>76</ymin>
			<xmax>185</xmax>
			<ymax>160</ymax>
		</bndbox>
	</object>
</annotation>
