<annotation>
	<folder>dataset_out</folder>
	<filename>1064.jpg</filename>
	<path>C:\Users\brimon\Desktop\dataset_out\1064.jpg</path>
	<source>
		<database>Unknown</database>
	</source>
	<size>
		<width>224</width>
		<height>224</height>
		<depth>3</depth>
	</size>
	<segmented>0</segmented>
	<object>
		<name>2</name>
		<pose>Unspecified</pose>
		<truncated>0</truncated>
		<difficult>0</difficult>
		<bndbox>
			<xmin>29</xmin>
			<ymin>103</ymin>
			<xmax>85</xmax>
			<ymax>172</ymax>
		</bndbox>
	</object>
	<object>
		<name>4</name>
		<pose>Unspecified</pose>
		<truncated>0</truncated>
		<difficult>0</difficult>
		<bndbox>
			<xmin>99</xmin>
			<ymin>100</ymin>
			<xmax>161</xmax>
			<ymax>171</ymax>
		</bndbox>
	</object>
</annotation>
