<annotation>
	<folder>dataset_out</folder>
	<filename>1067.jpg</filename>
	<path>C:\Users\brimon\Desktop\dataset_out\1067.jpg</path>
	<source>
		<database>Unknown</database>
	</source>
	<size>
		<width>224</width>
		<height>224</height>
		<depth>3</depth>
	</size>
	<segmented>0</segmented>
	<object>
		<name>2</name>
		<pose>Unspecified</pose>
		<truncated>0</truncated>
		<difficult>0</difficult>
		<bndbox>
			<xmin>80</xmin>
			<ymin>78</ymin>
			<xmax>126</xmax>
			<ymax>125</ymax>
		</bndbox>
	</object>
	<object>
		<name>4</name>
		<pose>Unspecified</pose>
		<truncated>0</truncated>
		<difficult>0</difficult>
		<bndbox>
			<xmin>141</xmin>
			<ymin>75</ymin>
			<xmax>193</xmax>
			<ymax>128</ymax>
		</bndbox>
	</object>
</annotation>
