<annotation>
	<folder>dataset_out</folder>
	<filename>1069.jpg</filename>
	<path>C:\Users\brimon\Desktop\dataset_out\1069.jpg</path>
	<source>
		<database>Unknown</database>
	</source>
	<size>
		<width>224</width>
		<height>224</height>
		<depth>3</depth>
	</size>
	<segmented>0</segmented>
	<object>
		<name>2</name>
		<pose>Unspecified</pose>
		<truncated>0</truncated>
		<difficult>0</difficult>
		<bndbox>
			<xmin>82</xmin>
			<ymin>125</ymin>
			<xmax>125</xmax>
			<ymax>172</ymax>
		</bndbox>
	</object>
	<object>
		<name>4</name>
		<pose>Unspecified</pose>
		<truncated>0</truncated>
		<difficult>0</difficult>
		<bndbox>
			<xmin>141</xmin>
			<ymin>125</ymin>
			<xmax>185</xmax>
			<ymax>174</ymax>
		</bndbox>
	</object>
</annotation>
