<annotation>
	<folder>dataset_out</folder>
	<filename>1073.jpg</filename>
	<path>C:\Users\brimon\Desktop\dataset_out\1073.jpg</path>
	<source>
		<database>Unknown</database>
	</source>
	<size>
		<width>224</width>
		<height>224</height>
		<depth>3</depth>
	</size>
	<segmented>0</segmented>
	<object>
		<name>2</name>
		<pose>Unspecified</pose>
		<truncated>0</truncated>
		<difficult>0</difficult>
		<bndbox>
			<xmin>15</xmin>
			<ymin>46</ymin>
			<xmax>74</xmax>
			<ymax>113</ymax>
		</bndbox>
	</object>
	<object>
		<name>4</name>
		<pose>Unspecified</pose>
		<truncated>0</truncated>
		<difficult>0</difficult>
		<bndbox>
			<xmin>94</xmin>
			<ymin>49</ymin>
			<xmax>155</xmax>
			<ymax>114</ymax>
		</bndbox>
	</object>
</annotation>
