<annotation>
	<folder>dataset_out</folder>
	<filename>1075.jpg</filename>
	<path>C:\Users\brimon\Desktop\dataset_out\1075.jpg</path>
	<source>
		<database>Unknown</database>
	</source>
	<size>
		<width>224</width>
		<height>224</height>
		<depth>3</depth>
	</size>
	<segmented>0</segmented>
	<object>
		<name>2</name>
		<pose>Unspecified</pose>
		<truncated>0</truncated>
		<difficult>0</difficult>
		<bndbox>
			<xmin>57</xmin>
			<ymin>103</ymin>
			<xmax>130</xmax>
			<ymax>168</ymax>
		</bndbox>
	</object>
	<object>
		<name>4</name>
		<pose>Unspecified</pose>
		<truncated>0</truncated>
		<difficult>0</difficult>
		<bndbox>
			<xmin>154</xmin>
			<ymin>104</ymin>
			<xmax>221</xmax>
			<ymax>169</ymax>
		</bndbox>
	</object>
</annotation>
