<annotation>
	<folder>dataset_out</folder>
	<filename>1078.jpg</filename>
	<path>C:\Users\brimon\Desktop\dataset_out\1078.jpg</path>
	<source>
		<database>Unknown</database>
	</source>
	<size>
		<width>224</width>
		<height>224</height>
		<depth>3</depth>
	</size>
	<segmented>0</segmented>
	<object>
		<name>2</name>
		<pose>Unspecified</pose>
		<truncated>0</truncated>
		<difficult>0</difficult>
		<bndbox>
			<xmin>47</xmin>
			<ymin>81</ymin>
			<xmax>99</xmax>
			<ymax>122</ymax>
		</bndbox>
	</object>
	<object>
		<name>4</name>
		<pose>Unspecified</pose>
		<truncated>0</truncated>
		<difficult>0</difficult>
		<bndbox>
			<xmin>121</xmin>
			<ymin>77</ymin>
			<xmax>173</xmax>
			<ymax>119</ymax>
		</bndbox>
	</object>
</annotation>
