<annotation>
	<folder>dataset_out</folder>
	<filename>1079.jpg</filename>
	<path>C:\Users\brimon\Desktop\dataset_out\1079.jpg</path>
	<source>
		<database>Unknown</database>
	</source>
	<size>
		<width>224</width>
		<height>224</height>
		<depth>3</depth>
	</size>
	<segmented>0</segmented>
	<object>
		<name>2</name>
		<pose>Unspecified</pose>
		<truncated>0</truncated>
		<difficult>0</difficult>
		<bndbox>
			<xmin>69</xmin>
			<ymin>99</ymin>
			<xmax>116</xmax>
			<ymax>143</ymax>
		</bndbox>
	</object>
	<object>
		<name>4</name>
		<pose>Unspecified</pose>
		<truncated>0</truncated>
		<difficult>0</difficult>
		<bndbox>
			<xmin>136</xmin>
			<ymin>97</ymin>
			<xmax>186</xmax>
			<ymax>145</ymax>
		</bndbox>
	</object>
</annotation>
