<annotation>
	<folder>dataset_out</folder>
	<filename>1085.jpg</filename>
	<path>C:\Users\brimon\Desktop\dataset_out\1085.jpg</path>
	<source>
		<database>Unknown</database>
	</source>
	<size>
		<width>224</width>
		<height>224</height>
		<depth>3</depth>
	</size>
	<segmented>0</segmented>
	<object>
		<name>2</name>
		<pose>Unspecified</pose>
		<truncated>0</truncated>
		<difficult>0</difficult>
		<bndbox>
			<xmin>32</xmin>
			<ymin>133</ymin>
			<xmax>73</xmax>
			<ymax>174</ymax>
		</bndbox>
	</object>
	<object>
		<name>4</name>
		<pose>Unspecified</pose>
		<truncated>0</truncated>
		<difficult>0</difficult>
		<bndbox>
			<xmin>89</xmin>
			<ymin>128</ymin>
			<xmax>127</xmax>
			<ymax>173</ymax>
		</bndbox>
	</object>
</annotation>
