<annotation>
	<folder>dataset_out</folder>
	<filename>1086.jpg</filename>
	<path>C:\Users\brimon\Desktop\dataset_out\1086.jpg</path>
	<source>
		<database>Unknown</database>
	</source>
	<size>
		<width>224</width>
		<height>224</height>
		<depth>3</depth>
	</size>
	<segmented>0</segmented>
	<object>
		<name>2</name>
		<pose>Unspecified</pose>
		<truncated>0</truncated>
		<difficult>0</difficult>
		<bndbox>
			<xmin>26</xmin>
			<ymin>106</ymin>
			<xmax>69</xmax>
			<ymax>147</ymax>
		</bndbox>
	</object>
	<object>
		<name>4</name>
		<pose>Unspecified</pose>
		<truncated>0</truncated>
		<difficult>0</difficult>
		<bndbox>
			<xmin>83</xmin>
			<ymin>100</ymin>
			<xmax>123</xmax>
			<ymax>143</ymax>
		</bndbox>
	</object>
</annotation>
