<annotation>
	<folder>dataset_out</folder>
	<filename>1087.jpg</filename>
	<path>C:\Users\brimon\Desktop\dataset_out\1087.jpg</path>
	<source>
		<database>Unknown</database>
	</source>
	<size>
		<width>224</width>
		<height>224</height>
		<depth>3</depth>
	</size>
	<segmented>0</segmented>
	<object>
		<name>2</name>
		<pose>Unspecified</pose>
		<truncated>0</truncated>
		<difficult>0</difficult>
		<bndbox>
			<xmin>16</xmin>
			<ymin>109</ymin>
			<xmax>59</xmax>
			<ymax>147</ymax>
		</bndbox>
	</object>
	<object>
		<name>4</name>
		<pose>Unspecified</pose>
		<truncated>0</truncated>
		<difficult>0</difficult>
		<bndbox>
			<xmin>77</xmin>
			<ymin>105</ymin>
			<xmax>122</xmax>
			<ymax>145</ymax>
		</bndbox>
	</object>
</annotation>
