<annotation>
	<folder>dataset_out</folder>
	<filename>109.jpg</filename>
	<path>C:\Users\brimon\Desktop\dataset_out\109.jpg</path>
	<source>
		<database>Unknown</database>
	</source>
	<size>
		<width>224</width>
		<height>224</height>
		<depth>3</depth>
	</size>
	<segmented>0</segmented>
	<object>
		<name>3</name>
		<pose>Unspecified</pose>
		<truncated>0</truncated>
		<difficult>0</difficult>
		<bndbox>
			<xmin>2</xmin>
			<ymin>94</ymin>
			<xmax>59</xmax>
			<ymax>167</ymax>
		</bndbox>
	</object>
	<object>
		<name>4</name>
		<pose>Unspecified</pose>
		<truncated>0</truncated>
		<difficult>0</difficult>
		<bndbox>
			<xmin>95</xmin>
			<ymin>78</ymin>
			<xmax>161</xmax>
			<ymax>153</ymax>
		</bndbox>
	</object>
</annotation>
