<annotation>
	<folder>dataset_out</folder>
	<filename>1090.jpg</filename>
	<path>C:\Users\brimon\Desktop\dataset_out\1090.jpg</path>
	<source>
		<database>Unknown</database>
	</source>
	<size>
		<width>224</width>
		<height>224</height>
		<depth>3</depth>
	</size>
	<segmented>0</segmented>
	<object>
		<name>2</name>
		<pose>Unspecified</pose>
		<truncated>0</truncated>
		<difficult>0</difficult>
		<bndbox>
			<xmin>81</xmin>
			<ymin>105</ymin>
			<xmax>127</xmax>
			<ymax>142</ymax>
		</bndbox>
	</object>
	<object>
		<name>4</name>
		<pose>Unspecified</pose>
		<truncated>0</truncated>
		<difficult>0</difficult>
		<bndbox>
			<xmin>144</xmin>
			<ymin>102</ymin>
			<xmax>191</xmax>
			<ymax>140</ymax>
		</bndbox>
	</object>
</annotation>
