<annotation>
	<folder>dataset_out</folder>
	<filename>1092.jpg</filename>
	<path>C:\Users\brimon\Desktop\dataset_out\1092.jpg</path>
	<source>
		<database>Unknown</database>
	</source>
	<size>
		<width>224</width>
		<height>224</height>
		<depth>3</depth>
	</size>
	<segmented>0</segmented>
	<object>
		<name>2</name>
		<pose>Unspecified</pose>
		<truncated>0</truncated>
		<difficult>0</difficult>
		<bndbox>
			<xmin>63</xmin>
			<ymin>86</ymin>
			<xmax>109</xmax>
			<ymax>131</ymax>
		</bndbox>
	</object>
	<object>
		<name>4</name>
		<pose>Unspecified</pose>
		<truncated>0</truncated>
		<difficult>0</difficult>
		<bndbox>
			<xmin>128</xmin>
			<ymin>81</ymin>
			<xmax>181</xmax>
			<ymax>128</ymax>
		</bndbox>
	</object>
</annotation>
