<annotation>
	<folder>dataset_out</folder>
	<filename>1094.jpg</filename>
	<path>C:\Users\brimon\Desktop\dataset_out\1094.jpg</path>
	<source>
		<database>Unknown</database>
	</source>
	<size>
		<width>224</width>
		<height>224</height>
		<depth>3</depth>
	</size>
	<segmented>0</segmented>
	<object>
		<name>2</name>
		<pose>Unspecified</pose>
		<truncated>0</truncated>
		<difficult>0</difficult>
		<bndbox>
			<xmin>84</xmin>
			<ymin>77</ymin>
			<xmax>127</xmax>
			<ymax>128</ymax>
		</bndbox>
	</object>
	<object>
		<name>4</name>
		<pose>Unspecified</pose>
		<truncated>0</truncated>
		<difficult>0</difficult>
		<bndbox>
			<xmin>143</xmin>
			<ymin>79</ymin>
			<xmax>192</xmax>
			<ymax>133</ymax>
		</bndbox>
	</object>
</annotation>
