<annotation>
	<folder>dataset_out</folder>
	<filename>1096.jpg</filename>
	<path>C:\Users\brimon\Desktop\dataset_out\1096.jpg</path>
	<source>
		<database>Unknown</database>
	</source>
	<size>
		<width>224</width>
		<height>224</height>
		<depth>3</depth>
	</size>
	<segmented>0</segmented>
	<object>
		<name>2</name>
		<pose>Unspecified</pose>
		<truncated>0</truncated>
		<difficult>0</difficult>
		<bndbox>
			<xmin>79</xmin>
			<ymin>127</ymin>
			<xmax>118</xmax>
			<ymax>170</ymax>
		</bndbox>
	</object>
	<object>
		<name>4</name>
		<pose>Unspecified</pose>
		<truncated>0</truncated>
		<difficult>0</difficult>
		<bndbox>
			<xmin>133</xmin>
			<ymin>129</ymin>
			<xmax>173</xmax>
			<ymax>173</ymax>
		</bndbox>
	</object>
</annotation>
