<annotation>
	<folder>dataset_out</folder>
	<filename>1097.jpg</filename>
	<path>C:\Users\brimon\Desktop\dataset_out\1097.jpg</path>
	<source>
		<database>Unknown</database>
	</source>
	<size>
		<width>224</width>
		<height>224</height>
		<depth>3</depth>
	</size>
	<segmented>0</segmented>
	<object>
		<name>2</name>
		<pose>Unspecified</pose>
		<truncated>0</truncated>
		<difficult>0</difficult>
		<bndbox>
			<xmin>88</xmin>
			<ymin>112</ymin>
			<xmax>129</xmax>
			<ymax>155</ymax>
		</bndbox>
	</object>
	<object>
		<name>4</name>
		<pose>Unspecified</pose>
		<truncated>0</truncated>
		<difficult>0</difficult>
		<bndbox>
			<xmin>146</xmin>
			<ymin>115</ymin>
			<xmax>188</xmax>
			<ymax>161</ymax>
		</bndbox>
	</object>
</annotation>
