<annotation>
	<folder>dataset_out</folder>
	<filename>1099.jpg</filename>
	<path>C:\Users\brimon\Desktop\dataset_out\1099.jpg</path>
	<source>
		<database>Unknown</database>
	</source>
	<size>
		<width>224</width>
		<height>224</height>
		<depth>3</depth>
	</size>
	<segmented>0</segmented>
	<object>
		<name>2</name>
		<pose>Unspecified</pose>
		<truncated>0</truncated>
		<difficult>0</difficult>
		<bndbox>
			<xmin>24</xmin>
			<ymin>101</ymin>
			<xmax>89</xmax>
			<ymax>157</ymax>
		</bndbox>
	</object>
	<object>
		<name>4</name>
		<pose>Unspecified</pose>
		<truncated>0</truncated>
		<difficult>0</difficult>
		<bndbox>
			<xmin>112</xmin>
			<ymin>84</ymin>
			<xmax>180</xmax>
			<ymax>145</ymax>
		</bndbox>
	</object>
</annotation>
