<annotation>
	<folder>dataset_out</folder>
	<filename>11.jpg</filename>
	<path>C:\Users\brimon\Desktop\dataset_out\11.jpg</path>
	<source>
		<database>Unknown</database>
	</source>
	<size>
		<width>224</width>
		<height>224</height>
		<depth>3</depth>
	</size>
	<segmented>0</segmented>
	<object>
		<name>1</name>
		<pose>Unspecified</pose>
		<truncated>0</truncated>
		<difficult>0</difficult>
		<bndbox>
			<xmin>38</xmin>
			<ymin>121</ymin>
			<xmax>74</xmax>
			<ymax>179</ymax>
		</bndbox>
	</object>
	<object>
		<name>2</name>
		<pose>Unspecified</pose>
		<truncated>0</truncated>
		<difficult>0</difficult>
		<bndbox>
			<xmin>102</xmin>
			<ymin>117</ymin>
			<xmax>146</xmax>
			<ymax>174</ymax>
		</bndbox>
	</object>
</annotation>
