<annotation>
	<folder>dataset_out</folder>
	<filename>110.jpg</filename>
	<path>C:\Users\brimon\Desktop\dataset_out\110.jpg</path>
	<source>
		<database>Unknown</database>
	</source>
	<size>
		<width>224</width>
		<height>224</height>
		<depth>3</depth>
	</size>
	<segmented>0</segmented>
	<object>
		<name>3</name>
		<pose>Unspecified</pose>
		<truncated>0</truncated>
		<difficult>0</difficult>
		<bndbox>
			<xmin>62</xmin>
			<ymin>91</ymin>
			<xmax>123</xmax>
			<ymax>166</ymax>
		</bndbox>
	</object>
	<object>
		<name>4</name>
		<pose>Unspecified</pose>
		<truncated>0</truncated>
		<difficult>0</difficult>
		<bndbox>
			<xmin>156</xmin>
			<ymin>93</ymin>
			<xmax>213</xmax>
			<ymax>166</ymax>
		</bndbox>
	</object>
</annotation>
