<annotation>
	<folder>dataset_out</folder>
	<filename>1100.jpg</filename>
	<path>C:\Users\brimon\Desktop\dataset_out\1100.jpg</path>
	<source>
		<database>Unknown</database>
	</source>
	<size>
		<width>224</width>
		<height>224</height>
		<depth>3</depth>
	</size>
	<segmented>0</segmented>
	<object>
		<name>2</name>
		<pose>Unspecified</pose>
		<truncated>1</truncated>
		<difficult>0</difficult>
		<bndbox>
			<xmin>1</xmin>
			<ymin>99</ymin>
			<xmax>59</xmax>
			<ymax>151</ymax>
		</bndbox>
	</object>
	<object>
		<name>4</name>
		<pose>Unspecified</pose>
		<truncated>0</truncated>
		<difficult>0</difficult>
		<bndbox>
			<xmin>83</xmin>
			<ymin>87</ymin>
			<xmax>145</xmax>
			<ymax>142</ymax>
		</bndbox>
	</object>
</annotation>
