<annotation>
	<folder>dataset_out</folder>
	<filename>1101.jpg</filename>
	<path>C:\Users\brimon\Desktop\dataset_out\1101.jpg</path>
	<source>
		<database>Unknown</database>
	</source>
	<size>
		<width>224</width>
		<height>224</height>
		<depth>3</depth>
	</size>
	<segmented>0</segmented>
	<object>
		<name>2</name>
		<pose>Unspecified</pose>
		<truncated>0</truncated>
		<difficult>0</difficult>
		<bndbox>
			<xmin>46</xmin>
			<ymin>111</ymin>
			<xmax>94</xmax>
			<ymax>156</ymax>
		</bndbox>
	</object>
	<object>
		<name>4</name>
		<pose>Unspecified</pose>
		<truncated>0</truncated>
		<difficult>0</difficult>
		<bndbox>
			<xmin>116</xmin>
			<ymin>105</ymin>
			<xmax>163</xmax>
			<ymax>151</ymax>
		</bndbox>
	</object>
</annotation>
