<annotation>
	<folder>dataset_out</folder>
	<filename>1102.jpg</filename>
	<path>C:\Users\brimon\Desktop\dataset_out\1102.jpg</path>
	<source>
		<database>Unknown</database>
	</source>
	<size>
		<width>224</width>
		<height>224</height>
		<depth>3</depth>
	</size>
	<segmented>0</segmented>
	<object>
		<name>2</name>
		<pose>Unspecified</pose>
		<truncated>0</truncated>
		<difficult>0</difficult>
		<bndbox>
			<xmin>49</xmin>
			<ymin>92</ymin>
			<xmax>99</xmax>
			<ymax>140</ymax>
		</bndbox>
	</object>
	<object>
		<name>4</name>
		<pose>Unspecified</pose>
		<truncated>0</truncated>
		<difficult>0</difficult>
		<bndbox>
			<xmin>117</xmin>
			<ymin>87</ymin>
			<xmax>167</xmax>
			<ymax>144</ymax>
		</bndbox>
	</object>
</annotation>
