<annotation>
	<folder>dataset_out</folder>
	<filename>1104.jpg</filename>
	<path>C:\Users\brimon\Desktop\dataset_out\1104.jpg</path>
	<source>
		<database>Unknown</database>
	</source>
	<size>
		<width>224</width>
		<height>224</height>
		<depth>3</depth>
	</size>
	<segmented>0</segmented>
	<object>
		<name>2</name>
		<pose>Unspecified</pose>
		<truncated>0</truncated>
		<difficult>0</difficult>
		<bndbox>
			<xmin>41</xmin>
			<ymin>110</ymin>
			<xmax>88</xmax>
			<ymax>154</ymax>
		</bndbox>
	</object>
	<object>
		<name>4</name>
		<pose>Unspecified</pose>
		<truncated>0</truncated>
		<difficult>0</difficult>
		<bndbox>
			<xmin>105</xmin>
			<ymin>110</ymin>
			<xmax>150</xmax>
			<ymax>155</ymax>
		</bndbox>
	</object>
</annotation>
