<annotation>
	<folder>dataset_out</folder>
	<filename>1108.jpg</filename>
	<path>C:\Users\brimon\Desktop\dataset_out\1108.jpg</path>
	<source>
		<database>Unknown</database>
	</source>
	<size>
		<width>224</width>
		<height>224</height>
		<depth>3</depth>
	</size>
	<segmented>0</segmented>
	<object>
		<name>2</name>
		<pose>Unspecified</pose>
		<truncated>0</truncated>
		<difficult>0</difficult>
		<bndbox>
			<xmin>50</xmin>
			<ymin>106</ymin>
			<xmax>100</xmax>
			<ymax>153</ymax>
		</bndbox>
	</object>
	<object>
		<name>4</name>
		<pose>Unspecified</pose>
		<truncated>0</truncated>
		<difficult>0</difficult>
		<bndbox>
			<xmin>124</xmin>
			<ymin>97</ymin>
			<xmax>173</xmax>
			<ymax>145</ymax>
		</bndbox>
	</object>
</annotation>
