<annotation>
	<folder>dataset_out</folder>
	<filename>111.jpg</filename>
	<path>C:\Users\brimon\Desktop\dataset_out\111.jpg</path>
	<source>
		<database>Unknown</database>
	</source>
	<size>
		<width>224</width>
		<height>224</height>
		<depth>3</depth>
	</size>
	<segmented>0</segmented>
	<object>
		<name>3</name>
		<pose>Unspecified</pose>
		<truncated>0</truncated>
		<difficult>0</difficult>
		<bndbox>
			<xmin>3</xmin>
			<ymin>95</ymin>
			<xmax>69</xmax>
			<ymax>165</ymax>
		</bndbox>
	</object>
	<object>
		<name>4</name>
		<pose>Unspecified</pose>
		<truncated>0</truncated>
		<difficult>0</difficult>
		<bndbox>
			<xmin>110</xmin>
			<ymin>96</ymin>
			<xmax>172</xmax>
			<ymax>163</ymax>
		</bndbox>
	</object>
</annotation>
