<annotation>
	<folder>dataset_out</folder>
	<filename>1113.jpg</filename>
	<path>C:\Users\brimon\Desktop\dataset_out\1113.jpg</path>
	<source>
		<database>Unknown</database>
	</source>
	<size>
		<width>224</width>
		<height>224</height>
		<depth>3</depth>
	</size>
	<segmented>0</segmented>
	<object>
		<name>2</name>
		<pose>Unspecified</pose>
		<truncated>0</truncated>
		<difficult>0</difficult>
		<bndbox>
			<xmin>31</xmin>
			<ymin>94</ymin>
			<xmax>75</xmax>
			<ymax>146</ymax>
		</bndbox>
	</object>
	<object>
		<name>4</name>
		<pose>Unspecified</pose>
		<truncated>0</truncated>
		<difficult>0</difficult>
		<bndbox>
			<xmin>93</xmin>
			<ymin>93</ymin>
			<xmax>134</xmax>
			<ymax>146</ymax>
		</bndbox>
	</object>
</annotation>
