<annotation>
	<folder>dataset_out</folder>
	<filename>1114.jpg</filename>
	<path>C:\Users\brimon\Desktop\dataset_out\1114.jpg</path>
	<source>
		<database>Unknown</database>
	</source>
	<size>
		<width>224</width>
		<height>224</height>
		<depth>3</depth>
	</size>
	<segmented>0</segmented>
	<object>
		<name>2</name>
		<pose>Unspecified</pose>
		<truncated>0</truncated>
		<difficult>0</difficult>
		<bndbox>
			<xmin>30</xmin>
			<ymin>114</ymin>
			<xmax>68</xmax>
			<ymax>163</ymax>
		</bndbox>
	</object>
	<object>
		<name>4</name>
		<pose>Unspecified</pose>
		<truncated>0</truncated>
		<difficult>0</difficult>
		<bndbox>
			<xmin>86</xmin>
			<ymin>116</ymin>
			<xmax>127</xmax>
			<ymax>167</ymax>
		</bndbox>
	</object>
</annotation>
