<annotation>
	<folder>dataset_out</folder>
	<filename>1115.jpg</filename>
	<path>C:\Users\brimon\Desktop\dataset_out\1115.jpg</path>
	<source>
		<database>Unknown</database>
	</source>
	<size>
		<width>224</width>
		<height>224</height>
		<depth>3</depth>
	</size>
	<segmented>0</segmented>
	<object>
		<name>2</name>
		<pose>Unspecified</pose>
		<truncated>0</truncated>
		<difficult>0</difficult>
		<bndbox>
			<xmin>13</xmin>
			<ymin>118</ymin>
			<xmax>63</xmax>
			<ymax>173</ymax>
		</bndbox>
	</object>
	<object>
		<name>4</name>
		<pose>Unspecified</pose>
		<truncated>0</truncated>
		<difficult>0</difficult>
		<bndbox>
			<xmin>80</xmin>
			<ymin>122</ymin>
			<xmax>124</xmax>
			<ymax>176</ymax>
		</bndbox>
	</object>
</annotation>
