<annotation>
	<folder>dataset_out</folder>
	<filename>1116.jpg</filename>
	<path>C:\Users\brimon\Desktop\dataset_out\1116.jpg</path>
	<source>
		<database>Unknown</database>
	</source>
	<size>
		<width>224</width>
		<height>224</height>
		<depth>3</depth>
	</size>
	<segmented>0</segmented>
	<object>
		<name>2</name>
		<pose>Unspecified</pose>
		<truncated>0</truncated>
		<difficult>0</difficult>
		<bndbox>
			<xmin>49</xmin>
			<ymin>126</ymin>
			<xmax>101</xmax>
			<ymax>178</ymax>
		</bndbox>
	</object>
	<object>
		<name>4</name>
		<pose>Unspecified</pose>
		<truncated>0</truncated>
		<difficult>0</difficult>
		<bndbox>
			<xmin>122</xmin>
			<ymin>126</ymin>
			<xmax>166</xmax>
			<ymax>180</ymax>
		</bndbox>
	</object>
</annotation>
