<annotation>
	<folder>dataset_out</folder>
	<filename>112.jpg</filename>
	<path>C:\Users\brimon\Desktop\dataset_out\112.jpg</path>
	<source>
		<database>Unknown</database>
	</source>
	<size>
		<width>224</width>
		<height>224</height>
		<depth>3</depth>
	</size>
	<segmented>0</segmented>
	<object>
		<name>3</name>
		<pose>Unspecified</pose>
		<truncated>0</truncated>
		<difficult>0</difficult>
		<bndbox>
			<xmin>62</xmin>
			<ymin>136</ymin>
			<xmax>111</xmax>
			<ymax>183</ymax>
		</bndbox>
	</object>
	<object>
		<name>4</name>
		<pose>Unspecified</pose>
		<truncated>0</truncated>
		<difficult>0</difficult>
		<bndbox>
			<xmin>146</xmin>
			<ymin>136</ymin>
			<xmax>206</xmax>
			<ymax>186</ymax>
		</bndbox>
	</object>
</annotation>
