<annotation>
	<folder>dataset_out</folder>
	<filename>1120.jpg</filename>
	<path>C:\Users\brimon\Desktop\dataset_out\1120.jpg</path>
	<source>
		<database>Unknown</database>
	</source>
	<size>
		<width>224</width>
		<height>224</height>
		<depth>3</depth>
	</size>
	<segmented>0</segmented>
	<object>
		<name>2</name>
		<pose>Unspecified</pose>
		<truncated>0</truncated>
		<difficult>0</difficult>
		<bndbox>
			<xmin>34</xmin>
			<ymin>41</ymin>
			<xmax>92</xmax>
			<ymax>86</ymax>
		</bndbox>
	</object>
	<object>
		<name>4</name>
		<pose>Unspecified</pose>
		<truncated>0</truncated>
		<difficult>0</difficult>
		<bndbox>
			<xmin>120</xmin>
			<ymin>35</ymin>
			<xmax>184</xmax>
			<ymax>83</ymax>
		</bndbox>
	</object>
</annotation>
