<annotation>
	<folder>dataset_out</folder>
	<filename>1121.jpg</filename>
	<path>C:\Users\brimon\Desktop\dataset_out\1121.jpg</path>
	<source>
		<database>Unknown</database>
	</source>
	<size>
		<width>224</width>
		<height>224</height>
		<depth>3</depth>
	</size>
	<segmented>0</segmented>
	<object>
		<name>2</name>
		<pose>Unspecified</pose>
		<truncated>0</truncated>
		<difficult>0</difficult>
		<bndbox>
			<xmin>50</xmin>
			<ymin>64</ymin>
			<xmax>116</xmax>
			<ymax>116</ymax>
		</bndbox>
	</object>
	<object>
		<name>4</name>
		<pose>Unspecified</pose>
		<truncated>0</truncated>
		<difficult>0</difficult>
		<bndbox>
			<xmin>141</xmin>
			<ymin>54</ymin>
			<xmax>207</xmax>
			<ymax>105</ymax>
		</bndbox>
	</object>
</annotation>
