<annotation>
	<folder>dataset_out</folder>
	<filename>1124.jpg</filename>
	<path>C:\Users\brimon\Desktop\dataset_out\1124.jpg</path>
	<source>
		<database>Unknown</database>
	</source>
	<size>
		<width>224</width>
		<height>224</height>
		<depth>3</depth>
	</size>
	<segmented>0</segmented>
	<object>
		<name>2</name>
		<pose>Unspecified</pose>
		<truncated>0</truncated>
		<difficult>0</difficult>
		<bndbox>
			<xmin>77</xmin>
			<ymin>97</ymin>
			<xmax>125</xmax>
			<ymax>144</ymax>
		</bndbox>
	</object>
	<object>
		<name>4</name>
		<pose>Unspecified</pose>
		<truncated>0</truncated>
		<difficult>0</difficult>
		<bndbox>
			<xmin>145</xmin>
			<ymin>90</ymin>
			<xmax>194</xmax>
			<ymax>137</ymax>
		</bndbox>
	</object>
</annotation>
