<annotation>
	<folder>dataset_out</folder>
	<filename>1125.jpg</filename>
	<path>C:\Users\brimon\Desktop\dataset_out\1125.jpg</path>
	<source>
		<database>Unknown</database>
	</source>
	<size>
		<width>224</width>
		<height>224</height>
		<depth>3</depth>
	</size>
	<segmented>0</segmented>
	<object>
		<name>2</name>
		<pose>Unspecified</pose>
		<truncated>0</truncated>
		<difficult>0</difficult>
		<bndbox>
			<xmin>66</xmin>
			<ymin>117</ymin>
			<xmax>114</xmax>
			<ymax>163</ymax>
		</bndbox>
	</object>
	<object>
		<name>4</name>
		<pose>Unspecified</pose>
		<truncated>0</truncated>
		<difficult>0</difficult>
		<bndbox>
			<xmin>127</xmin>
			<ymin>112</ymin>
			<xmax>175</xmax>
			<ymax>164</ymax>
		</bndbox>
	</object>
</annotation>
