<annotation>
	<folder>dataset_out</folder>
	<filename>1127.jpg</filename>
	<path>C:\Users\brimon\Desktop\dataset_out\1127.jpg</path>
	<source>
		<database>Unknown</database>
	</source>
	<size>
		<width>224</width>
		<height>224</height>
		<depth>3</depth>
	</size>
	<segmented>0</segmented>
	<object>
		<name>8</name>
		<pose>Unspecified</pose>
		<truncated>0</truncated>
		<difficult>0</difficult>
		<bndbox>
			<xmin>70</xmin>
			<ymin>112</ymin>
			<xmax>126</xmax>
			<ymax>175</ymax>
		</bndbox>
	</object>
	<object>
		<name>3</name>
		<pose>Unspecified</pose>
		<truncated>0</truncated>
		<difficult>0</difficult>
		<bndbox>
			<xmin>155</xmin>
			<ymin>107</ymin>
			<xmax>211</xmax>
			<ymax>172</ymax>
		</bndbox>
	</object>
</annotation>
