<annotation>
	<folder>dataset_out</folder>
	<filename>1128.jpg</filename>
	<path>C:\Users\brimon\Desktop\dataset_out\1128.jpg</path>
	<source>
		<database>Unknown</database>
	</source>
	<size>
		<width>224</width>
		<height>224</height>
		<depth>3</depth>
	</size>
	<segmented>0</segmented>
	<object>
		<name>8</name>
		<pose>Unspecified</pose>
		<truncated>0</truncated>
		<difficult>0</difficult>
		<bndbox>
			<xmin>64</xmin>
			<ymin>111</ymin>
			<xmax>109</xmax>
			<ymax>167</ymax>
		</bndbox>
	</object>
	<object>
		<name>3</name>
		<pose>Unspecified</pose>
		<truncated>0</truncated>
		<difficult>0</difficult>
		<bndbox>
			<xmin>138</xmin>
			<ymin>105</ymin>
			<xmax>186</xmax>
			<ymax>162</ymax>
		</bndbox>
	</object>
</annotation>
