<annotation>
	<folder>dataset_out</folder>
	<filename>1129.jpg</filename>
	<path>C:\Users\brimon\Desktop\dataset_out\1129.jpg</path>
	<source>
		<database>Unknown</database>
	</source>
	<size>
		<width>224</width>
		<height>224</height>
		<depth>3</depth>
	</size>
	<segmented>0</segmented>
	<object>
		<name>8</name>
		<pose>Unspecified</pose>
		<truncated>0</truncated>
		<difficult>0</difficult>
		<bndbox>
			<xmin>39</xmin>
			<ymin>123</ymin>
			<xmax>84</xmax>
			<ymax>178</ymax>
		</bndbox>
	</object>
	<object>
		<name>3</name>
		<pose>Unspecified</pose>
		<truncated>0</truncated>
		<difficult>0</difficult>
		<bndbox>
			<xmin>108</xmin>
			<ymin>121</ymin>
			<xmax>155</xmax>
			<ymax>174</ymax>
		</bndbox>
	</object>
</annotation>
