<annotation>
	<folder>dataset_out</folder>
	<filename>113.jpg</filename>
	<path>C:\Users\brimon\Desktop\dataset_out\113.jpg</path>
	<source>
		<database>Unknown</database>
	</source>
	<size>
		<width>224</width>
		<height>224</height>
		<depth>3</depth>
	</size>
	<segmented>0</segmented>
	<object>
		<name>3</name>
		<pose>Unspecified</pose>
		<truncated>0</truncated>
		<difficult>0</difficult>
		<bndbox>
			<xmin>26</xmin>
			<ymin>51</ymin>
			<xmax>85</xmax>
			<ymax>113</ymax>
		</bndbox>
	</object>
	<object>
		<name>4</name>
		<pose>Unspecified</pose>
		<truncated>0</truncated>
		<difficult>0</difficult>
		<bndbox>
			<xmin>122</xmin>
			<ymin>37</ymin>
			<xmax>181</xmax>
			<ymax>104</ymax>
		</bndbox>
	</object>
</annotation>
