<annotation>
	<folder>dataset_out</folder>
	<filename>1131.jpg</filename>
	<path>C:\Users\brimon\Desktop\dataset_out\1131.jpg</path>
	<source>
		<database>Unknown</database>
	</source>
	<size>
		<width>224</width>
		<height>224</height>
		<depth>3</depth>
	</size>
	<segmented>0</segmented>
	<object>
		<name>8</name>
		<pose>Unspecified</pose>
		<truncated>0</truncated>
		<difficult>0</difficult>
		<bndbox>
			<xmin>61</xmin>
			<ymin>109</ymin>
			<xmax>109</xmax>
			<ymax>154</ymax>
		</bndbox>
	</object>
	<object>
		<name>3</name>
		<pose>Unspecified</pose>
		<truncated>0</truncated>
		<difficult>0</difficult>
		<bndbox>
			<xmin>130</xmin>
			<ymin>99</ymin>
			<xmax>181</xmax>
			<ymax>141</ymax>
		</bndbox>
	</object>
</annotation>
