<annotation>
	<folder>dataset_out</folder>
	<filename>1132.jpg</filename>
	<path>C:\Users\brimon\Desktop\dataset_out\1132.jpg</path>
	<source>
		<database>Unknown</database>
	</source>
	<size>
		<width>224</width>
		<height>224</height>
		<depth>3</depth>
	</size>
	<segmented>0</segmented>
	<object>
		<name>8</name>
		<pose>Unspecified</pose>
		<truncated>0</truncated>
		<difficult>0</difficult>
		<bndbox>
			<xmin>62</xmin>
			<ymin>98</ymin>
			<xmax>112</xmax>
			<ymax>150</ymax>
		</bndbox>
	</object>
	<object>
		<name>3</name>
		<pose>Unspecified</pose>
		<truncated>0</truncated>
		<difficult>0</difficult>
		<bndbox>
			<xmin>135</xmin>
			<ymin>98</ymin>
			<xmax>185</xmax>
			<ymax>144</ymax>
		</bndbox>
	</object>
</annotation>
