<annotation>
	<folder>dataset_out</folder>
	<filename>1133.jpg</filename>
	<path>C:\Users\brimon\Desktop\dataset_out\1133.jpg</path>
	<source>
		<database>Unknown</database>
	</source>
	<size>
		<width>224</width>
		<height>224</height>
		<depth>3</depth>
	</size>
	<segmented>0</segmented>
	<object>
		<name>8</name>
		<pose>Unspecified</pose>
		<truncated>0</truncated>
		<difficult>0</difficult>
		<bndbox>
			<xmin>110</xmin>
			<ymin>81</ymin>
			<xmax>157</xmax>
			<ymax>130</ymax>
		</bndbox>
	</object>
	<object>
		<name>3</name>
		<pose>Unspecified</pose>
		<truncated>1</truncated>
		<difficult>0</difficult>
		<bndbox>
			<xmin>180</xmin>
			<ymin>81</ymin>
			<xmax>224</xmax>
			<ymax>133</ymax>
		</bndbox>
	</object>
</annotation>
