<annotation>
	<folder>dataset_out</folder>
	<filename>1136.jpg</filename>
	<path>C:\Users\brimon\Desktop\dataset_out\1136.jpg</path>
	<source>
		<database>Unknown</database>
	</source>
	<size>
		<width>224</width>
		<height>224</height>
		<depth>3</depth>
	</size>
	<segmented>0</segmented>
	<object>
		<name>8</name>
		<pose>Unspecified</pose>
		<truncated>0</truncated>
		<difficult>0</difficult>
		<bndbox>
			<xmin>2</xmin>
			<ymin>101</ymin>
			<xmax>51</xmax>
			<ymax>151</ymax>
		</bndbox>
	</object>
	<object>
		<name>3</name>
		<pose>Unspecified</pose>
		<truncated>0</truncated>
		<difficult>0</difficult>
		<bndbox>
			<xmin>84</xmin>
			<ymin>88</ymin>
			<xmax>136</xmax>
			<ymax>137</ymax>
		</bndbox>
	</object>
</annotation>
