<annotation>
	<folder>dataset_out</folder>
	<filename>1138.jpg</filename>
	<path>C:\Users\brimon\Desktop\dataset_out\1138.jpg</path>
	<source>
		<database>Unknown</database>
	</source>
	<size>
		<width>224</width>
		<height>224</height>
		<depth>3</depth>
	</size>
	<segmented>0</segmented>
	<object>
		<name>8</name>
		<pose>Unspecified</pose>
		<truncated>0</truncated>
		<difficult>0</difficult>
		<bndbox>
			<xmin>75</xmin>
			<ymin>95</ymin>
			<xmax>122</xmax>
			<ymax>142</ymax>
		</bndbox>
	</object>
	<object>
		<name>3</name>
		<pose>Unspecified</pose>
		<truncated>0</truncated>
		<difficult>0</difficult>
		<bndbox>
			<xmin>150</xmin>
			<ymin>96</ymin>
			<xmax>200</xmax>
			<ymax>142</ymax>
		</bndbox>
	</object>
</annotation>
