<annotation>
	<folder>dataset_out</folder>
	<filename>1139.jpg</filename>
	<path>C:\Users\brimon\Desktop\dataset_out\1139.jpg</path>
	<source>
		<database>Unknown</database>
	</source>
	<size>
		<width>224</width>
		<height>224</height>
		<depth>3</depth>
	</size>
	<segmented>0</segmented>
	<object>
		<name>8</name>
		<pose>Unspecified</pose>
		<truncated>0</truncated>
		<difficult>0</difficult>
		<bndbox>
			<xmin>60</xmin>
			<ymin>102</ymin>
			<xmax>118</xmax>
			<ymax>159</ymax>
		</bndbox>
	</object>
	<object>
		<name>3</name>
		<pose>Unspecified</pose>
		<truncated>0</truncated>
		<difficult>0</difficult>
		<bndbox>
			<xmin>141</xmin>
			<ymin>94</ymin>
			<xmax>196</xmax>
			<ymax>147</ymax>
		</bndbox>
	</object>
</annotation>
