<annotation>
	<folder>dataset_out</folder>
	<filename>1143.jpg</filename>
	<path>C:\Users\brimon\Desktop\dataset_out\1143.jpg</path>
	<source>
		<database>Unknown</database>
	</source>
	<size>
		<width>224</width>
		<height>224</height>
		<depth>3</depth>
	</size>
	<segmented>0</segmented>
	<object>
		<name>8</name>
		<pose>Unspecified</pose>
		<truncated>0</truncated>
		<difficult>0</difficult>
		<bndbox>
			<xmin>66</xmin>
			<ymin>93</ymin>
			<xmax>111</xmax>
			<ymax>138</ymax>
		</bndbox>
	</object>
	<object>
		<name>3</name>
		<pose>Unspecified</pose>
		<truncated>0</truncated>
		<difficult>0</difficult>
		<bndbox>
			<xmin>130</xmin>
			<ymin>91</ymin>
			<xmax>179</xmax>
			<ymax>135</ymax>
		</bndbox>
	</object>
</annotation>
