<annotation>
	<folder>dataset_out</folder>
	<filename>1145.jpg</filename>
	<path>C:\Users\brimon\Desktop\dataset_out\1145.jpg</path>
	<source>
		<database>Unknown</database>
	</source>
	<size>
		<width>224</width>
		<height>224</height>
		<depth>3</depth>
	</size>
	<segmented>0</segmented>
	<object>
		<name>8</name>
		<pose>Unspecified</pose>
		<truncated>0</truncated>
		<difficult>0</difficult>
		<bndbox>
			<xmin>93</xmin>
			<ymin>81</ymin>
			<xmax>133</xmax>
			<ymax>125</ymax>
		</bndbox>
	</object>
	<object>
		<name>3</name>
		<pose>Unspecified</pose>
		<truncated>0</truncated>
		<difficult>0</difficult>
		<bndbox>
			<xmin>154</xmin>
			<ymin>80</ymin>
			<xmax>199</xmax>
			<ymax>122</ymax>
		</bndbox>
	</object>
</annotation>
