<annotation>
	<folder>dataset_out</folder>
	<filename>1146.jpg</filename>
	<path>C:\Users\brimon\Desktop\dataset_out\1146.jpg</path>
	<source>
		<database>Unknown</database>
	</source>
	<size>
		<width>224</width>
		<height>224</height>
		<depth>3</depth>
	</size>
	<segmented>0</segmented>
	<object>
		<name>8</name>
		<pose>Unspecified</pose>
		<truncated>0</truncated>
		<difficult>0</difficult>
		<bndbox>
			<xmin>59</xmin>
			<ymin>127</ymin>
			<xmax>100</xmax>
			<ymax>172</ymax>
		</bndbox>
	</object>
	<object>
		<name>3</name>
		<pose>Unspecified</pose>
		<truncated>0</truncated>
		<difficult>0</difficult>
		<bndbox>
			<xmin>117</xmin>
			<ymin>126</ymin>
			<xmax>154</xmax>
			<ymax>168</ymax>
		</bndbox>
	</object>
</annotation>
