<annotation>
	<folder>dataset_out</folder>
	<filename>1148.jpg</filename>
	<path>C:\Users\brimon\Desktop\dataset_out\1148.jpg</path>
	<source>
		<database>Unknown</database>
	</source>
	<size>
		<width>224</width>
		<height>224</height>
		<depth>3</depth>
	</size>
	<segmented>0</segmented>
	<object>
		<name>8</name>
		<pose>Unspecified</pose>
		<truncated>0</truncated>
		<difficult>0</difficult>
		<bndbox>
			<xmin>92</xmin>
			<ymin>123</ymin>
			<xmax>130</xmax>
			<ymax>171</ymax>
		</bndbox>
	</object>
	<object>
		<name>3</name>
		<pose>Unspecified</pose>
		<truncated>0</truncated>
		<difficult>0</difficult>
		<bndbox>
			<xmin>152</xmin>
			<ymin>128</ymin>
			<xmax>189</xmax>
			<ymax>175</ymax>
		</bndbox>
	</object>
</annotation>
