<annotation>
	<folder>dataset_out</folder>
	<filename>1150.jpg</filename>
	<path>C:\Users\brimon\Desktop\dataset_out\1150.jpg</path>
	<source>
		<database>Unknown</database>
	</source>
	<size>
		<width>224</width>
		<height>224</height>
		<depth>3</depth>
	</size>
	<segmented>0</segmented>
	<object>
		<name>8</name>
		<pose>Unspecified</pose>
		<truncated>0</truncated>
		<difficult>0</difficult>
		<bndbox>
			<xmin>66</xmin>
			<ymin>109</ymin>
			<xmax>105</xmax>
			<ymax>147</ymax>
		</bndbox>
	</object>
	<object>
		<name>3</name>
		<pose>Unspecified</pose>
		<truncated>0</truncated>
		<difficult>0</difficult>
		<bndbox>
			<xmin>126</xmin>
			<ymin>104</ymin>
			<xmax>164</xmax>
			<ymax>144</ymax>
		</bndbox>
	</object>
</annotation>
