<annotation>
	<folder>dataset_out</folder>
	<filename>1154.jpg</filename>
	<path>C:\Users\brimon\Desktop\dataset_out\1154.jpg</path>
	<source>
		<database>Unknown</database>
	</source>
	<size>
		<width>224</width>
		<height>224</height>
		<depth>3</depth>
	</size>
	<segmented>0</segmented>
	<object>
		<name>8</name>
		<pose>Unspecified</pose>
		<truncated>0</truncated>
		<difficult>0</difficult>
		<bndbox>
			<xmin>53</xmin>
			<ymin>99</ymin>
			<xmax>93</xmax>
			<ymax>142</ymax>
		</bndbox>
	</object>
	<object>
		<name>3</name>
		<pose>Unspecified</pose>
		<truncated>0</truncated>
		<difficult>0</difficult>
		<bndbox>
			<xmin>115</xmin>
			<ymin>92</ymin>
			<xmax>162</xmax>
			<ymax>133</ymax>
		</bndbox>
	</object>
</annotation>
