<annotation>
	<folder>dataset_out</folder>
	<filename>1155.jpg</filename>
	<path>C:\Users\brimon\Desktop\dataset_out\1155.jpg</path>
	<source>
		<database>Unknown</database>
	</source>
	<size>
		<width>224</width>
		<height>224</height>
		<depth>3</depth>
	</size>
	<segmented>0</segmented>
	<object>
		<name>8</name>
		<pose>Unspecified</pose>
		<truncated>0</truncated>
		<difficult>0</difficult>
		<bndbox>
			<xmin>55</xmin>
			<ymin>98</ymin>
			<xmax>95</xmax>
			<ymax>140</ymax>
		</bndbox>
	</object>
	<object>
		<name>3</name>
		<pose>Unspecified</pose>
		<truncated>0</truncated>
		<difficult>0</difficult>
		<bndbox>
			<xmin>120</xmin>
			<ymin>91</ymin>
			<xmax>166</xmax>
			<ymax>134</ymax>
		</bndbox>
	</object>
</annotation>
