<annotation>
	<folder>dataset_out</folder>
	<filename>1158.jpg</filename>
	<path>C:\Users\brimon\Desktop\dataset_out\1158.jpg</path>
	<source>
		<database>Unknown</database>
	</source>
	<size>
		<width>224</width>
		<height>224</height>
		<depth>3</depth>
	</size>
	<segmented>0</segmented>
	<object>
		<name>8</name>
		<pose>Unspecified</pose>
		<truncated>0</truncated>
		<difficult>0</difficult>
		<bndbox>
			<xmin>57</xmin>
			<ymin>109</ymin>
			<xmax>96</xmax>
			<ymax>152</ymax>
		</bndbox>
	</object>
	<object>
		<name>3</name>
		<pose>Unspecified</pose>
		<truncated>0</truncated>
		<difficult>0</difficult>
		<bndbox>
			<xmin>120</xmin>
			<ymin>108</ymin>
			<xmax>159</xmax>
			<ymax>150</ymax>
		</bndbox>
	</object>
</annotation>
