<annotation>
	<folder>dataset_out</folder>
	<filename>1159.jpg</filename>
	<path>C:\Users\brimon\Desktop\dataset_out\1159.jpg</path>
	<source>
		<database>Unknown</database>
	</source>
	<size>
		<width>224</width>
		<height>224</height>
		<depth>3</depth>
	</size>
	<segmented>0</segmented>
	<object>
		<name>8</name>
		<pose>Unspecified</pose>
		<truncated>0</truncated>
		<difficult>0</difficult>
		<bndbox>
			<xmin>31</xmin>
			<ymin>99</ymin>
			<xmax>73</xmax>
			<ymax>143</ymax>
		</bndbox>
	</object>
	<object>
		<name>3</name>
		<pose>Unspecified</pose>
		<truncated>0</truncated>
		<difficult>0</difficult>
		<bndbox>
			<xmin>98</xmin>
			<ymin>89</ymin>
			<xmax>139</xmax>
			<ymax>131</ymax>
		</bndbox>
	</object>
</annotation>
