<annotation>
	<folder>dataset_out</folder>
	<filename>116.jpg</filename>
	<path>C:\Users\brimon\Desktop\dataset_out\116.jpg</path>
	<source>
		<database>Unknown</database>
	</source>
	<size>
		<width>224</width>
		<height>224</height>
		<depth>3</depth>
	</size>
	<segmented>0</segmented>
	<object>
		<name>3</name>
		<pose>Unspecified</pose>
		<truncated>0</truncated>
		<difficult>0</difficult>
		<bndbox>
			<xmin>49</xmin>
			<ymin>70</ymin>
			<xmax>118</xmax>
			<ymax>147</ymax>
		</bndbox>
	</object>
	<object>
		<name>4</name>
		<pose>Unspecified</pose>
		<truncated>0</truncated>
		<difficult>0</difficult>
		<bndbox>
			<xmin>155</xmin>
			<ymin>69</ymin>
			<xmax>218</xmax>
			<ymax>137</ymax>
		</bndbox>
	</object>
</annotation>
