<annotation>
	<folder>dataset_out</folder>
	<filename>1160.jpg</filename>
	<path>C:\Users\brimon\Desktop\dataset_out\1160.jpg</path>
	<source>
		<database>Unknown</database>
	</source>
	<size>
		<width>224</width>
		<height>224</height>
		<depth>3</depth>
	</size>
	<segmented>0</segmented>
	<object>
		<name>8</name>
		<pose>Unspecified</pose>
		<truncated>0</truncated>
		<difficult>0</difficult>
		<bndbox>
			<xmin>127</xmin>
			<ymin>85</ymin>
			<xmax>167</xmax>
			<ymax>118</ymax>
		</bndbox>
	</object>
	<object>
		<name>3</name>
		<pose>Unspecified</pose>
		<truncated>1</truncated>
		<difficult>0</difficult>
		<bndbox>
			<xmin>187</xmin>
			<ymin>89</ymin>
			<xmax>224</xmax>
			<ymax>121</ymax>
		</bndbox>
	</object>
</annotation>
