<annotation>
	<folder>dataset_out</folder>
	<filename>1162.jpg</filename>
	<path>C:\Users\brimon\Desktop\dataset_out\1162.jpg</path>
	<source>
		<database>Unknown</database>
	</source>
	<size>
		<width>224</width>
		<height>224</height>
		<depth>3</depth>
	</size>
	<segmented>0</segmented>
	<object>
		<name>8</name>
		<pose>Unspecified</pose>
		<truncated>0</truncated>
		<difficult>0</difficult>
		<bndbox>
			<xmin>35</xmin>
			<ymin>121</ymin>
			<xmax>65</xmax>
			<ymax>160</ymax>
		</bndbox>
	</object>
	<object>
		<name>3</name>
		<pose>Unspecified</pose>
		<truncated>0</truncated>
		<difficult>0</difficult>
		<bndbox>
			<xmin>84</xmin>
			<ymin>116</ymin>
			<xmax>120</xmax>
			<ymax>155</ymax>
		</bndbox>
	</object>
</annotation>
