<annotation>
	<folder>dataset_out</folder>
	<filename>1163.jpg</filename>
	<path>C:\Users\brimon\Desktop\dataset_out\1163.jpg</path>
	<source>
		<database>Unknown</database>
	</source>
	<size>
		<width>224</width>
		<height>224</height>
		<depth>3</depth>
	</size>
	<segmented>0</segmented>
	<object>
		<name>8</name>
		<pose>Unspecified</pose>
		<truncated>0</truncated>
		<difficult>0</difficult>
		<bndbox>
			<xmin>28</xmin>
			<ymin>123</ymin>
			<xmax>60</xmax>
			<ymax>158</ymax>
		</bndbox>
	</object>
	<object>
		<name>3</name>
		<pose>Unspecified</pose>
		<truncated>0</truncated>
		<difficult>0</difficult>
		<bndbox>
			<xmin>80</xmin>
			<ymin>117</ymin>
			<xmax>112</xmax>
			<ymax>151</ymax>
		</bndbox>
	</object>
</annotation>
