<annotation>
	<folder>dataset_out</folder>
	<filename>1169.jpg</filename>
	<path>C:\Users\brimon\Desktop\dataset_out\1169.jpg</path>
	<source>
		<database>Unknown</database>
	</source>
	<size>
		<width>224</width>
		<height>224</height>
		<depth>3</depth>
	</size>
	<segmented>0</segmented>
	<object>
		<name>8</name>
		<pose>Unspecified</pose>
		<truncated>0</truncated>
		<difficult>0</difficult>
		<bndbox>
			<xmin>48</xmin>
			<ymin>111</ymin>
			<xmax>106</xmax>
			<ymax>166</ymax>
		</bndbox>
	</object>
	<object>
		<name>3</name>
		<pose>Unspecified</pose>
		<truncated>0</truncated>
		<difficult>0</difficult>
		<bndbox>
			<xmin>137</xmin>
			<ymin>104</ymin>
			<xmax>194</xmax>
			<ymax>155</ymax>
		</bndbox>
	</object>
</annotation>
