<annotation>
	<folder>dataset_out</folder>
	<filename>117.jpg</filename>
	<path>C:\Users\brimon\Desktop\dataset_out\117.jpg</path>
	<source>
		<database>Unknown</database>
	</source>
	<size>
		<width>224</width>
		<height>224</height>
		<depth>3</depth>
	</size>
	<segmented>0</segmented>
	<object>
		<name>3</name>
		<pose>Unspecified</pose>
		<truncated>0</truncated>
		<difficult>0</difficult>
		<bndbox>
			<xmin>39</xmin>
			<ymin>93</ymin>
			<xmax>86</xmax>
			<ymax>150</ymax>
		</bndbox>
	</object>
	<object>
		<name>4</name>
		<pose>Unspecified</pose>
		<truncated>0</truncated>
		<difficult>0</difficult>
		<bndbox>
			<xmin>123</xmin>
			<ymin>84</ymin>
			<xmax>176</xmax>
			<ymax>143</ymax>
		</bndbox>
	</object>
</annotation>
