<annotation>
	<folder>dataset_out</folder>
	<filename>1171.jpg</filename>
	<path>C:\Users\brimon\Desktop\dataset_out\1171.jpg</path>
	<source>
		<database>Unknown</database>
	</source>
	<size>
		<width>224</width>
		<height>224</height>
		<depth>3</depth>
	</size>
	<segmented>0</segmented>
	<object>
		<name>8</name>
		<pose>Unspecified</pose>
		<truncated>0</truncated>
		<difficult>0</difficult>
		<bndbox>
			<xmin>59</xmin>
			<ymin>63</ymin>
			<xmax>114</xmax>
			<ymax>107</ymax>
		</bndbox>
	</object>
	<object>
		<name>3</name>
		<pose>Unspecified</pose>
		<truncated>0</truncated>
		<difficult>0</difficult>
		<bndbox>
			<xmin>146</xmin>
			<ymin>55</ymin>
			<xmax>204</xmax>
			<ymax>98</ymax>
		</bndbox>
	</object>
</annotation>
