<annotation>
	<folder>dataset_out</folder>
	<filename>1176.jpg</filename>
	<path>C:\Users\brimon\Desktop\dataset_out\1176.jpg</path>
	<source>
		<database>Unknown</database>
	</source>
	<size>
		<width>224</width>
		<height>224</height>
		<depth>3</depth>
	</size>
	<segmented>0</segmented>
	<object>
		<name>1</name>
		<pose>Unspecified</pose>
		<truncated>0</truncated>
		<difficult>0</difficult>
		<bndbox>
			<xmin>69</xmin>
			<ymin>89</ymin>
			<xmax>111</xmax>
			<ymax>141</ymax>
		</bndbox>
	</object>
	<object>
		<name>5</name>
		<pose>Unspecified</pose>
		<truncated>0</truncated>
		<difficult>0</difficult>
		<bndbox>
			<xmin>135</xmin>
			<ymin>87</ymin>
			<xmax>177</xmax>
			<ymax>138</ymax>
		</bndbox>
	</object>
</annotation>
