<annotation>
	<folder>dataset_out</folder>
	<filename>1177.jpg</filename>
	<path>C:\Users\brimon\Desktop\dataset_out\1177.jpg</path>
	<source>
		<database>Unknown</database>
	</source>
	<size>
		<width>224</width>
		<height>224</height>
		<depth>3</depth>
	</size>
	<segmented>0</segmented>
	<object>
		<name>1</name>
		<pose>Unspecified</pose>
		<truncated>0</truncated>
		<difficult>0</difficult>
		<bndbox>
			<xmin>76</xmin>
			<ymin>91</ymin>
			<xmax>111</xmax>
			<ymax>137</ymax>
		</bndbox>
	</object>
	<object>
		<name>5</name>
		<pose>Unspecified</pose>
		<truncated>0</truncated>
		<difficult>0</difficult>
		<bndbox>
			<xmin>134</xmin>
			<ymin>95</ymin>
			<xmax>175</xmax>
			<ymax>137</ymax>
		</bndbox>
	</object>
</annotation>
