<annotation>
	<folder>dataset_out</folder>
	<filename>1178.jpg</filename>
	<path>C:\Users\brimon\Desktop\dataset_out\1178.jpg</path>
	<source>
		<database>Unknown</database>
	</source>
	<size>
		<width>224</width>
		<height>224</height>
		<depth>3</depth>
	</size>
	<segmented>0</segmented>
	<object>
		<name>1</name>
		<pose>Unspecified</pose>
		<truncated>0</truncated>
		<difficult>0</difficult>
		<bndbox>
			<xmin>26</xmin>
			<ymin>100</ymin>
			<xmax>64</xmax>
			<ymax>147</ymax>
		</bndbox>
	</object>
	<object>
		<name>5</name>
		<pose>Unspecified</pose>
		<truncated>0</truncated>
		<difficult>0</difficult>
		<bndbox>
			<xmin>86</xmin>
			<ymin>94</ymin>
			<xmax>127</xmax>
			<ymax>142</ymax>
		</bndbox>
	</object>
</annotation>
