<annotation>
	<folder>dataset_out</folder>
	<filename>118.jpg</filename>
	<path>C:\Users\brimon\Desktop\dataset_out\118.jpg</path>
	<source>
		<database>Unknown</database>
	</source>
	<size>
		<width>224</width>
		<height>224</height>
		<depth>3</depth>
	</size>
	<segmented>0</segmented>
	<object>
		<name>3</name>
		<pose>Unspecified</pose>
		<truncated>0</truncated>
		<difficult>0</difficult>
		<bndbox>
			<xmin>32</xmin>
			<ymin>72</ymin>
			<xmax>85</xmax>
			<ymax>124</ymax>
		</bndbox>
	</object>
	<object>
		<name>4</name>
		<pose>Unspecified</pose>
		<truncated>0</truncated>
		<difficult>0</difficult>
		<bndbox>
			<xmin>116</xmin>
			<ymin>82</ymin>
			<xmax>173</xmax>
			<ymax>139</ymax>
		</bndbox>
	</object>
</annotation>
