<annotation>
	<folder>dataset_out</folder>
	<filename>1180.jpg</filename>
	<path>C:\Users\brimon\Desktop\dataset_out\1180.jpg</path>
	<source>
		<database>Unknown</database>
	</source>
	<size>
		<width>224</width>
		<height>224</height>
		<depth>3</depth>
	</size>
	<segmented>0</segmented>
	<object>
		<name>1</name>
		<pose>Unspecified</pose>
		<truncated>0</truncated>
		<difficult>0</difficult>
		<bndbox>
			<xmin>45</xmin>
			<ymin>94</ymin>
			<xmax>88</xmax>
			<ymax>140</ymax>
		</bndbox>
	</object>
	<object>
		<name>5</name>
		<pose>Unspecified</pose>
		<truncated>0</truncated>
		<difficult>0</difficult>
		<bndbox>
			<xmin>119</xmin>
			<ymin>87</ymin>
			<xmax>171</xmax>
			<ymax>131</ymax>
		</bndbox>
	</object>
</annotation>
