<annotation>
	<folder>dataset_out</folder>
	<filename>1182.jpg</filename>
	<path>C:\Users\brimon\Desktop\dataset_out\1182.jpg</path>
	<source>
		<database>Unknown</database>
	</source>
	<size>
		<width>224</width>
		<height>224</height>
		<depth>3</depth>
	</size>
	<segmented>0</segmented>
	<object>
		<name>1</name>
		<pose>Unspecified</pose>
		<truncated>0</truncated>
		<difficult>0</difficult>
		<bndbox>
			<xmin>15</xmin>
			<ymin>89</ymin>
			<xmax>71</xmax>
			<ymax>148</ymax>
		</bndbox>
	</object>
	<object>
		<name>5</name>
		<pose>Unspecified</pose>
		<truncated>0</truncated>
		<difficult>0</difficult>
		<bndbox>
			<xmin>94</xmin>
			<ymin>91</ymin>
			<xmax>152</xmax>
			<ymax>144</ymax>
		</bndbox>
	</object>
</annotation>
