<annotation>
	<folder>dataset_out</folder>
	<filename>1183.jpg</filename>
	<path>C:\Users\brimon\Desktop\dataset_out\1183.jpg</path>
	<source>
		<database>Unknown</database>
	</source>
	<size>
		<width>224</width>
		<height>224</height>
		<depth>3</depth>
	</size>
	<segmented>0</segmented>
	<object>
		<name>1</name>
		<pose>Unspecified</pose>
		<truncated>0</truncated>
		<difficult>0</difficult>
		<bndbox>
			<xmin>64</xmin>
			<ymin>64</ymin>
			<xmax>107</xmax>
			<ymax>129</ymax>
		</bndbox>
	</object>
	<object>
		<name>5</name>
		<pose>Unspecified</pose>
		<truncated>0</truncated>
		<difficult>0</difficult>
		<bndbox>
			<xmin>136</xmin>
			<ymin>67</ymin>
			<xmax>187</xmax>
			<ymax>126</ymax>
		</bndbox>
	</object>
</annotation>
