<annotation>
	<folder>dataset_out</folder>
	<filename>1185.jpg</filename>
	<path>C:\Users\brimon\Desktop\dataset_out\1185.jpg</path>
	<source>
		<database>Unknown</database>
	</source>
	<size>
		<width>224</width>
		<height>224</height>
		<depth>3</depth>
	</size>
	<segmented>0</segmented>
	<object>
		<name>1</name>
		<pose>Unspecified</pose>
		<truncated>0</truncated>
		<difficult>0</difficult>
		<bndbox>
			<xmin>75</xmin>
			<ymin>115</ymin>
			<xmax>106</xmax>
			<ymax>161</ymax>
		</bndbox>
	</object>
	<object>
		<name>5</name>
		<pose>Unspecified</pose>
		<truncated>0</truncated>
		<difficult>0</difficult>
		<bndbox>
			<xmin>130</xmin>
			<ymin>107</ymin>
			<xmax>170</xmax>
			<ymax>154</ymax>
		</bndbox>
	</object>
</annotation>
