<annotation>
	<folder>dataset_out</folder>
	<filename>1187.jpg</filename>
	<path>C:\Users\brimon\Desktop\dataset_out\1187.jpg</path>
	<source>
		<database>Unknown</database>
	</source>
	<size>
		<width>224</width>
		<height>224</height>
		<depth>3</depth>
	</size>
	<segmented>0</segmented>
	<object>
		<name>1</name>
		<pose>Unspecified</pose>
		<truncated>0</truncated>
		<difficult>0</difficult>
		<bndbox>
			<xmin>42</xmin>
			<ymin>106</ymin>
			<xmax>80</xmax>
			<ymax>160</ymax>
		</bndbox>
	</object>
	<object>
		<name>5</name>
		<pose>Unspecified</pose>
		<truncated>0</truncated>
		<difficult>0</difficult>
		<bndbox>
			<xmin>111</xmin>
			<ymin>100</ymin>
			<xmax>156</xmax>
			<ymax>151</ymax>
		</bndbox>
	</object>
</annotation>
