<annotation>
	<folder>dataset_out</folder>
	<filename>1188.jpg</filename>
	<path>C:\Users\brimon\Desktop\dataset_out\1188.jpg</path>
	<source>
		<database>Unknown</database>
	</source>
	<size>
		<width>224</width>
		<height>224</height>
		<depth>3</depth>
	</size>
	<segmented>0</segmented>
	<object>
		<name>1</name>
		<pose>Unspecified</pose>
		<truncated>0</truncated>
		<difficult>0</difficult>
		<bndbox>
			<xmin>32</xmin>
			<ymin>96</ymin>
			<xmax>74</xmax>
			<ymax>155</ymax>
		</bndbox>
	</object>
	<object>
		<name>5</name>
		<pose>Unspecified</pose>
		<truncated>0</truncated>
		<difficult>0</difficult>
		<bndbox>
			<xmin>109</xmin>
			<ymin>89</ymin>
			<xmax>165</xmax>
			<ymax>144</ymax>
		</bndbox>
	</object>
</annotation>
