<annotation>
	<folder>dataset_out</folder>
	<filename>1189.jpg</filename>
	<path>C:\Users\brimon\Desktop\dataset_out\1189.jpg</path>
	<source>
		<database>Unknown</database>
	</source>
	<size>
		<width>224</width>
		<height>224</height>
		<depth>3</depth>
	</size>
	<segmented>0</segmented>
	<object>
		<name>1</name>
		<pose>Unspecified</pose>
		<truncated>0</truncated>
		<difficult>0</difficult>
		<bndbox>
			<xmin>28</xmin>
			<ymin>98</ymin>
			<xmax>77</xmax>
			<ymax>152</ymax>
		</bndbox>
	</object>
	<object>
		<name>5</name>
		<pose>Unspecified</pose>
		<truncated>0</truncated>
		<difficult>0</difficult>
		<bndbox>
			<xmin>99</xmin>
			<ymin>97</ymin>
			<xmax>154</xmax>
			<ymax>151</ymax>
		</bndbox>
	</object>
</annotation>
