<annotation>
	<folder>dataset_out</folder>
	<filename>1190.jpg</filename>
	<path>C:\Users\brimon\Desktop\dataset_out\1190.jpg</path>
	<source>
		<database>Unknown</database>
	</source>
	<size>
		<width>224</width>
		<height>224</height>
		<depth>3</depth>
	</size>
	<segmented>0</segmented>
	<object>
		<name>1</name>
		<pose>Unspecified</pose>
		<truncated>0</truncated>
		<difficult>0</difficult>
		<bndbox>
			<xmin>45</xmin>
			<ymin>102</ymin>
			<xmax>82</xmax>
			<ymax>150</ymax>
		</bndbox>
	</object>
	<object>
		<name>5</name>
		<pose>Unspecified</pose>
		<truncated>0</truncated>
		<difficult>0</difficult>
		<bndbox>
			<xmin>107</xmin>
			<ymin>103</ymin>
			<xmax>153</xmax>
			<ymax>151</ymax>
		</bndbox>
	</object>
</annotation>
