<annotation>
	<folder>dataset_out</folder>
	<filename>1195.jpg</filename>
	<path>C:\Users\brimon\Desktop\dataset_out\1195.jpg</path>
	<source>
		<database>Unknown</database>
	</source>
	<size>
		<width>224</width>
		<height>224</height>
		<depth>3</depth>
	</size>
	<segmented>0</segmented>
	<object>
		<name>1</name>
		<pose>Unspecified</pose>
		<truncated>0</truncated>
		<difficult>0</difficult>
		<bndbox>
			<xmin>60</xmin>
			<ymin>72</ymin>
			<xmax>95</xmax>
			<ymax>126</ymax>
		</bndbox>
	</object>
	<object>
		<name>5</name>
		<pose>Unspecified</pose>
		<truncated>0</truncated>
		<difficult>0</difficult>
		<bndbox>
			<xmin>119</xmin>
			<ymin>56</ymin>
			<xmax>170</xmax>
			<ymax>109</ymax>
		</bndbox>
	</object>
</annotation>
