<annotation>
	<folder>dataset_out</folder>
	<filename>1198.jpg</filename>
	<path>C:\Users\brimon\Desktop\dataset_out\1198.jpg</path>
	<source>
		<database>Unknown</database>
	</source>
	<size>
		<width>224</width>
		<height>224</height>
		<depth>3</depth>
	</size>
	<segmented>0</segmented>
	<object>
		<name>1</name>
		<pose>Unspecified</pose>
		<truncated>1</truncated>
		<difficult>0</difficult>
		<bndbox>
			<xmin>1</xmin>
			<ymin>110</ymin>
			<xmax>55</xmax>
			<ymax>173</ymax>
		</bndbox>
	</object>
	<object>
		<name>5</name>
		<pose>Unspecified</pose>
		<truncated>0</truncated>
		<difficult>0</difficult>
		<bndbox>
			<xmin>96</xmin>
			<ymin>101</ymin>
			<xmax>163</xmax>
			<ymax>159</ymax>
		</bndbox>
	</object>
</annotation>
