<annotation>
	<folder>dataset_out</folder>
	<filename>1199.jpg</filename>
	<path>C:\Users\brimon\Desktop\dataset_out\1199.jpg</path>
	<source>
		<database>Unknown</database>
	</source>
	<size>
		<width>224</width>
		<height>224</height>
		<depth>3</depth>
	</size>
	<segmented>0</segmented>
	<object>
		<name>1</name>
		<pose>Unspecified</pose>
		<truncated>1</truncated>
		<difficult>0</difficult>
		<bndbox>
			<xmin>1</xmin>
			<ymin>102</ymin>
			<xmax>48</xmax>
			<ymax>152</ymax>
		</bndbox>
	</object>
	<object>
		<name>5</name>
		<pose>Unspecified</pose>
		<truncated>0</truncated>
		<difficult>0</difficult>
		<bndbox>
			<xmin>104</xmin>
			<ymin>88</ymin>
			<xmax>185</xmax>
			<ymax>139</ymax>
		</bndbox>
	</object>
</annotation>
