<annotation>
	<folder>dataset_out</folder>
	<filename>120.jpg</filename>
	<path>C:\Users\brimon\Desktop\dataset_out\120.jpg</path>
	<source>
		<database>Unknown</database>
	</source>
	<size>
		<width>224</width>
		<height>224</height>
		<depth>3</depth>
	</size>
	<segmented>0</segmented>
	<object>
		<name>3</name>
		<pose>Unspecified</pose>
		<truncated>0</truncated>
		<difficult>0</difficult>
		<bndbox>
			<xmin>50</xmin>
			<ymin>97</ymin>
			<xmax>106</xmax>
			<ymax>168</ymax>
		</bndbox>
	</object>
	<object>
		<name>4</name>
		<pose>Unspecified</pose>
		<truncated>0</truncated>
		<difficult>0</difficult>
		<bndbox>
			<xmin>142</xmin>
			<ymin>89</ymin>
			<xmax>201</xmax>
			<ymax>158</ymax>
		</bndbox>
	</object>
</annotation>
