<annotation>
	<folder>dataset_out</folder>
	<filename>1201.jpg</filename>
	<path>C:\Users\brimon\Desktop\dataset_out\1201.jpg</path>
	<source>
		<database>Unknown</database>
	</source>
	<size>
		<width>224</width>
		<height>224</height>
		<depth>3</depth>
	</size>
	<segmented>0</segmented>
	<object>
		<name>1</name>
		<pose>Unspecified</pose>
		<truncated>0</truncated>
		<difficult>0</difficult>
		<bndbox>
			<xmin>30</xmin>
			<ymin>67</ymin>
			<xmax>75</xmax>
			<ymax>113</ymax>
		</bndbox>
	</object>
	<object>
		<name>5</name>
		<pose>Unspecified</pose>
		<truncated>0</truncated>
		<difficult>0</difficult>
		<bndbox>
			<xmin>97</xmin>
			<ymin>58</ymin>
			<xmax>149</xmax>
			<ymax>103</ymax>
		</bndbox>
	</object>
</annotation>
