<annotation>
	<folder>dataset_out</folder>
	<filename>1202.jpg</filename>
	<path>C:\Users\brimon\Desktop\dataset_out\1202.jpg</path>
	<source>
		<database>Unknown</database>
	</source>
	<size>
		<width>224</width>
		<height>224</height>
		<depth>3</depth>
	</size>
	<segmented>0</segmented>
	<object>
		<name>1</name>
		<pose>Unspecified</pose>
		<truncated>0</truncated>
		<difficult>0</difficult>
		<bndbox>
			<xmin>57</xmin>
			<ymin>49</ymin>
			<xmax>93</xmax>
			<ymax>98</ymax>
		</bndbox>
	</object>
	<object>
		<name>5</name>
		<pose>Unspecified</pose>
		<truncated>0</truncated>
		<difficult>0</difficult>
		<bndbox>
			<xmin>116</xmin>
			<ymin>44</ymin>
			<xmax>162</xmax>
			<ymax>91</ymax>
		</bndbox>
	</object>
</annotation>
