<annotation>
	<folder>dataset_out</folder>
	<filename>1204.jpg</filename>
	<path>C:\Users\brimon\Desktop\dataset_out\1204.jpg</path>
	<source>
		<database>Unknown</database>
	</source>
	<size>
		<width>224</width>
		<height>224</height>
		<depth>3</depth>
	</size>
	<segmented>0</segmented>
	<object>
		<name>1</name>
		<pose>Unspecified</pose>
		<truncated>0</truncated>
		<difficult>0</difficult>
		<bndbox>
			<xmin>42</xmin>
			<ymin>107</ymin>
			<xmax>81</xmax>
			<ymax>165</ymax>
		</bndbox>
	</object>
	<object>
		<name>5</name>
		<pose>Unspecified</pose>
		<truncated>0</truncated>
		<difficult>0</difficult>
		<bndbox>
			<xmin>106</xmin>
			<ymin>105</ymin>
			<xmax>148</xmax>
			<ymax>154</ymax>
		</bndbox>
	</object>
</annotation>
