<annotation>
	<folder>dataset_out</folder>
	<filename>1205.jpg</filename>
	<path>C:\Users\brimon\Desktop\dataset_out\1205.jpg</path>
	<source>
		<database>Unknown</database>
	</source>
	<size>
		<width>224</width>
		<height>224</height>
		<depth>3</depth>
	</size>
	<segmented>0</segmented>
	<object>
		<name>1</name>
		<pose>Unspecified</pose>
		<truncated>0</truncated>
		<difficult>0</difficult>
		<bndbox>
			<xmin>39</xmin>
			<ymin>143</ymin>
			<xmax>79</xmax>
			<ymax>196</ymax>
		</bndbox>
	</object>
	<object>
		<name>5</name>
		<pose>Unspecified</pose>
		<truncated>0</truncated>
		<difficult>0</difficult>
		<bndbox>
			<xmin>106</xmin>
			<ymin>136</ymin>
			<xmax>157</xmax>
			<ymax>188</ymax>
		</bndbox>
	</object>
</annotation>
