<annotation>
	<folder>dataset_out</folder>
	<filename>1207.jpg</filename>
	<path>C:\Users\brimon\Desktop\dataset_out\1207.jpg</path>
	<source>
		<database>Unknown</database>
	</source>
	<size>
		<width>224</width>
		<height>224</height>
		<depth>3</depth>
	</size>
	<segmented>0</segmented>
	<object>
		<name>1</name>
		<pose>Unspecified</pose>
		<truncated>0</truncated>
		<difficult>0</difficult>
		<bndbox>
			<xmin>37</xmin>
			<ymin>112</ymin>
			<xmax>83</xmax>
			<ymax>169</ymax>
		</bndbox>
	</object>
	<object>
		<name>5</name>
		<pose>Unspecified</pose>
		<truncated>0</truncated>
		<difficult>0</difficult>
		<bndbox>
			<xmin>113</xmin>
			<ymin>106</ymin>
			<xmax>174</xmax>
			<ymax>154</ymax>
		</bndbox>
	</object>
</annotation>
