<annotation>
	<folder>dataset_out</folder>
	<filename>1208.jpg</filename>
	<path>C:\Users\brimon\Desktop\dataset_out\1208.jpg</path>
	<source>
		<database>Unknown</database>
	</source>
	<size>
		<width>224</width>
		<height>224</height>
		<depth>3</depth>
	</size>
	<segmented>0</segmented>
	<object>
		<name>1</name>
		<pose>Unspecified</pose>
		<truncated>0</truncated>
		<difficult>0</difficult>
		<bndbox>
			<xmin>5</xmin>
			<ymin>118</ymin>
			<xmax>56</xmax>
			<ymax>174</ymax>
		</bndbox>
	</object>
	<object>
		<name>5</name>
		<pose>Unspecified</pose>
		<truncated>0</truncated>
		<difficult>0</difficult>
		<bndbox>
			<xmin>90</xmin>
			<ymin>111</ymin>
			<xmax>159</xmax>
			<ymax>162</ymax>
		</bndbox>
	</object>
</annotation>
