<annotation>
	<folder>dataset_out</folder>
	<filename>1209.jpg</filename>
	<path>C:\Users\brimon\Desktop\dataset_out\1209.jpg</path>
	<source>
		<database>Unknown</database>
	</source>
	<size>
		<width>224</width>
		<height>224</height>
		<depth>3</depth>
	</size>
	<segmented>0</segmented>
	<object>
		<name>1</name>
		<pose>Unspecified</pose>
		<truncated>0</truncated>
		<difficult>0</difficult>
		<bndbox>
			<xmin>48</xmin>
			<ymin>96</ymin>
			<xmax>100</xmax>
			<ymax>149</ymax>
		</bndbox>
	</object>
	<object>
		<name>5</name>
		<pose>Unspecified</pose>
		<truncated>0</truncated>
		<difficult>0</difficult>
		<bndbox>
			<xmin>130</xmin>
			<ymin>96</ymin>
			<xmax>193</xmax>
			<ymax>140</ymax>
		</bndbox>
	</object>
</annotation>
