<annotation>
	<folder>dataset_out</folder>
	<filename>121.jpg</filename>
	<path>C:\Users\brimon\Desktop\dataset_out\121.jpg</path>
	<source>
		<database>Unknown</database>
	</source>
	<size>
		<width>224</width>
		<height>224</height>
		<depth>3</depth>
	</size>
	<segmented>0</segmented>
	<object>
		<name>3</name>
		<pose>Unspecified</pose>
		<truncated>0</truncated>
		<difficult>0</difficult>
		<bndbox>
			<xmin>65</xmin>
			<ymin>76</ymin>
			<xmax>117</xmax>
			<ymax>128</ymax>
		</bndbox>
	</object>
	<object>
		<name>4</name>
		<pose>Unspecified</pose>
		<truncated>0</truncated>
		<difficult>0</difficult>
		<bndbox>
			<xmin>156</xmin>
			<ymin>73</ymin>
			<xmax>213</xmax>
			<ymax>130</ymax>
		</bndbox>
	</object>
</annotation>
