<annotation>
	<folder>dataset_out</folder>
	<filename>1210.jpg</filename>
	<path>C:\Users\brimon\Desktop\dataset_out\1210.jpg</path>
	<source>
		<database>Unknown</database>
	</source>
	<size>
		<width>224</width>
		<height>224</height>
		<depth>3</depth>
	</size>
	<segmented>0</segmented>
	<object>
		<name>1</name>
		<pose>Unspecified</pose>
		<truncated>0</truncated>
		<difficult>0</difficult>
		<bndbox>
			<xmin>53</xmin>
			<ymin>91</ymin>
			<xmax>103</xmax>
			<ymax>141</ymax>
		</bndbox>
	</object>
	<object>
		<name>5</name>
		<pose>Unspecified</pose>
		<truncated>0</truncated>
		<difficult>0</difficult>
		<bndbox>
			<xmin>137</xmin>
			<ymin>85</ymin>
			<xmax>196</xmax>
			<ymax>130</ymax>
		</bndbox>
	</object>
</annotation>
