<annotation>
	<folder>dataset_out</folder>
	<filename>122.jpg</filename>
	<path>C:\Users\brimon\Desktop\dataset_out\122.jpg</path>
	<source>
		<database>Unknown</database>
	</source>
	<size>
		<width>224</width>
		<height>224</height>
		<depth>3</depth>
	</size>
	<segmented>0</segmented>
	<object>
		<name>3</name>
		<pose>Unspecified</pose>
		<truncated>0</truncated>
		<difficult>0</difficult>
		<bndbox>
			<xmin>22</xmin>
			<ymin>75</ymin>
			<xmax>76</xmax>
			<ymax>128</ymax>
		</bndbox>
	</object>
	<object>
		<name>4</name>
		<pose>Unspecified</pose>
		<truncated>0</truncated>
		<difficult>0</difficult>
		<bndbox>
			<xmin>111</xmin>
			<ymin>68</ymin>
			<xmax>178</xmax>
			<ymax>125</ymax>
		</bndbox>
	</object>
</annotation>
