<annotation>
	<folder>dataset_out</folder>
	<filename>123.jpg</filename>
	<path>C:\Users\brimon\Desktop\dataset_out\123.jpg</path>
	<source>
		<database>Unknown</database>
	</source>
	<size>
		<width>224</width>
		<height>224</height>
		<depth>3</depth>
	</size>
	<segmented>0</segmented>
	<object>
		<name>3</name>
		<pose>Unspecified</pose>
		<truncated>1</truncated>
		<difficult>0</difficult>
		<bndbox>
			<xmin>1</xmin>
			<ymin>52</ymin>
			<xmax>59</xmax>
			<ymax>119</ymax>
		</bndbox>
	</object>
	<object>
		<name>4</name>
		<pose>Unspecified</pose>
		<truncated>0</truncated>
		<difficult>0</difficult>
		<bndbox>
			<xmin>100</xmin>
			<ymin>37</ymin>
			<xmax>166</xmax>
			<ymax>108</ymax>
		</bndbox>
	</object>
</annotation>
