<annotation>
	<folder>dataset_out</folder>
	<filename>124.jpg</filename>
	<path>C:\Users\brimon\Desktop\dataset_out\124.jpg</path>
	<source>
		<database>Unknown</database>
	</source>
	<size>
		<width>224</width>
		<height>224</height>
		<depth>3</depth>
	</size>
	<segmented>0</segmented>
	<object>
		<name>3</name>
		<pose>Unspecified</pose>
		<truncated>0</truncated>
		<difficult>0</difficult>
		<bndbox>
			<xmin>8</xmin>
			<ymin>59</ymin>
			<xmax>80</xmax>
			<ymax>148</ymax>
		</bndbox>
	</object>
	<object>
		<name>4</name>
		<pose>Unspecified</pose>
		<truncated>0</truncated>
		<difficult>0</difficult>
		<bndbox>
			<xmin>125</xmin>
			<ymin>49</ymin>
			<xmax>194</xmax>
			<ymax>135</ymax>
		</bndbox>
	</object>
</annotation>
