<annotation>
	<folder>dataset_out</folder>
	<filename>125.jpg</filename>
	<path>C:\Users\brimon\Desktop\dataset_out\125.jpg</path>
	<source>
		<database>Unknown</database>
	</source>
	<size>
		<width>224</width>
		<height>224</height>
		<depth>3</depth>
	</size>
	<segmented>0</segmented>
	<object>
		<name>3</name>
		<pose>Unspecified</pose>
		<truncated>0</truncated>
		<difficult>0</difficult>
		<bndbox>
			<xmin>12</xmin>
			<ymin>83</ymin>
			<xmax>80</xmax>
			<ymax>167</ymax>
		</bndbox>
	</object>
	<object>
		<name>4</name>
		<pose>Unspecified</pose>
		<truncated>0</truncated>
		<difficult>0</difficult>
		<bndbox>
			<xmin>119</xmin>
			<ymin>72</ymin>
			<xmax>190</xmax>
			<ymax>155</ymax>
		</bndbox>
	</object>
</annotation>
