<annotation>
	<folder>dataset_out</folder>
	<filename>1250.jpg</filename>
	<path>C:\Users\brimon\Desktop\dataset_out\1250.jpg</path>
	<source>
		<database>Unknown</database>
	</source>
	<size>
		<width>224</width>
		<height>224</height>
		<depth>3</depth>
	</size>
	<segmented>0</segmented>
	<object>
		<name>8</name>
		<pose>Unspecified</pose>
		<truncated>0</truncated>
		<difficult>0</difficult>
		<bndbox>
			<xmin>104</xmin>
			<ymin>89</ymin>
			<xmax>176</xmax>
			<ymax>144</ymax>
		</bndbox>
	</object>
</annotation>
