<annotation>
	<folder>dataset_out</folder>
	<filename>126.jpg</filename>
	<path>C:\Users\brimon\Desktop\dataset_out\126.jpg</path>
	<source>
		<database>Unknown</database>
	</source>
	<size>
		<width>224</width>
		<height>224</height>
		<depth>3</depth>
	</size>
	<segmented>0</segmented>
	<object>
		<name>3</name>
		<pose>Unspecified</pose>
		<truncated>0</truncated>
		<difficult>0</difficult>
		<bndbox>
			<xmin>37</xmin>
			<ymin>107</ymin>
			<xmax>92</xmax>
			<ymax>177</ymax>
		</bndbox>
	</object>
	<object>
		<name>4</name>
		<pose>Unspecified</pose>
		<truncated>0</truncated>
		<difficult>0</difficult>
		<bndbox>
			<xmin>129</xmin>
			<ymin>102</ymin>
			<xmax>181</xmax>
			<ymax>165</ymax>
		</bndbox>
	</object>
</annotation>
