<annotation>
	<folder>dataset_out</folder>
	<filename>127.jpg</filename>
	<path>C:\Users\brimon\Desktop\dataset_out\127.jpg</path>
	<source>
		<database>Unknown</database>
	</source>
	<size>
		<width>224</width>
		<height>224</height>
		<depth>3</depth>
	</size>
	<segmented>0</segmented>
	<object>
		<name>3</name>
		<pose>Unspecified</pose>
		<truncated>0</truncated>
		<difficult>0</difficult>
		<bndbox>
			<xmin>16</xmin>
			<ymin>114</ymin>
			<xmax>65</xmax>
			<ymax>174</ymax>
		</bndbox>
	</object>
	<object>
		<name>4</name>
		<pose>Unspecified</pose>
		<truncated>0</truncated>
		<difficult>0</difficult>
		<bndbox>
			<xmin>102</xmin>
			<ymin>109</ymin>
			<xmax>154</xmax>
			<ymax>172</ymax>
		</bndbox>
	</object>
</annotation>
