<annotation>
	<folder>dataset_out</folder>
	<filename>128.jpg</filename>
	<path>C:\Users\brimon\Desktop\dataset_out\128.jpg</path>
	<source>
		<database>Unknown</database>
	</source>
	<size>
		<width>224</width>
		<height>224</height>
		<depth>3</depth>
	</size>
	<segmented>0</segmented>
	<object>
		<name>3</name>
		<pose>Unspecified</pose>
		<truncated>0</truncated>
		<difficult>0</difficult>
		<bndbox>
			<xmin>9</xmin>
			<ymin>59</ymin>
			<xmax>67</xmax>
			<ymax>131</ymax>
		</bndbox>
	</object>
	<object>
		<name>4</name>
		<pose>Unspecified</pose>
		<truncated>0</truncated>
		<difficult>0</difficult>
		<bndbox>
			<xmin>107</xmin>
			<ymin>50</ymin>
			<xmax>168</xmax>
			<ymax>123</ymax>
		</bndbox>
	</object>
</annotation>
