<annotation>
	<folder>dataset_out</folder>
	<filename>129.jpg</filename>
	<path>C:\Users\brimon\Desktop\dataset_out\129.jpg</path>
	<source>
		<database>Unknown</database>
	</source>
	<size>
		<width>224</width>
		<height>224</height>
		<depth>3</depth>
	</size>
	<segmented>0</segmented>
	<object>
		<name>3</name>
		<pose>Unspecified</pose>
		<truncated>0</truncated>
		<difficult>0</difficult>
		<bndbox>
			<xmin>32</xmin>
			<ymin>80</ymin>
			<xmax>94</xmax>
			<ymax>150</ymax>
		</bndbox>
	</object>
	<object>
		<name>4</name>
		<pose>Unspecified</pose>
		<truncated>0</truncated>
		<difficult>0</difficult>
		<bndbox>
			<xmin>131</xmin>
			<ymin>73</ymin>
			<xmax>194</xmax>
			<ymax>144</ymax>
		</bndbox>
	</object>
</annotation>
