<annotation>
	<folder>dataset_out</folder>
	<filename>130.jpg</filename>
	<path>C:\Users\brimon\Desktop\dataset_out\130.jpg</path>
	<source>
		<database>Unknown</database>
	</source>
	<size>
		<width>224</width>
		<height>224</height>
		<depth>3</depth>
	</size>
	<segmented>0</segmented>
	<object>
		<name>3</name>
		<pose>Unspecified</pose>
		<truncated>0</truncated>
		<difficult>0</difficult>
		<bndbox>
			<xmin>24</xmin>
			<ymin>118</ymin>
			<xmax>88</xmax>
			<ymax>194</ymax>
		</bndbox>
	</object>
	<object>
		<name>4</name>
		<pose>Unspecified</pose>
		<truncated>0</truncated>
		<difficult>0</difficult>
		<bndbox>
			<xmin>123</xmin>
			<ymin>111</ymin>
			<xmax>181</xmax>
			<ymax>185</ymax>
		</bndbox>
	</object>
</annotation>
