<annotation>
	<folder>dataset_out</folder>
	<filename>1308.jpg</filename>
	<path>C:\Users\brimon\Desktop\dataset_out\1308.jpg</path>
	<source>
		<database>Unknown</database>
	</source>
	<size>
		<width>224</width>
		<height>224</height>
		<depth>3</depth>
	</size>
	<segmented>0</segmented>
	<object>
		<name>4</name>
		<pose>Unspecified</pose>
		<truncated>0</truncated>
		<difficult>0</difficult>
		<bndbox>
			<xmin>96</xmin>
			<ymin>70</ymin>
			<xmax>159</xmax>
			<ymax>119</ymax>
		</bndbox>
	</object>
</annotation>
