<annotation>
	<folder>dataset_out</folder>
	<filename>134.jpg</filename>
	<path>C:\Users\brimon\Desktop\dataset_out\134.jpg</path>
	<source>
		<database>Unknown</database>
	</source>
	<size>
		<width>224</width>
		<height>224</height>
		<depth>3</depth>
	</size>
	<segmented>0</segmented>
	<object>
		<name>3</name>
		<pose>Unspecified</pose>
		<truncated>0</truncated>
		<difficult>0</difficult>
		<bndbox>
			<xmin>44</xmin>
			<ymin>109</ymin>
			<xmax>94</xmax>
			<ymax>170</ymax>
		</bndbox>
	</object>
	<object>
		<name>4</name>
		<pose>Unspecified</pose>
		<truncated>0</truncated>
		<difficult>0</difficult>
		<bndbox>
			<xmin>131</xmin>
			<ymin>106</ymin>
			<xmax>186</xmax>
			<ymax>171</ymax>
		</bndbox>
	</object>
</annotation>
