<annotation>
	<folder>dataset_out</folder>
	<filename>1359.jpg</filename>
	<path>C:\Users\brimon\Desktop\dataset_out\1359.jpg</path>
	<source>
		<database>Unknown</database>
	</source>
	<size>
		<width>224</width>
		<height>224</height>
		<depth>3</depth>
	</size>
	<segmented>0</segmented>
	<object>
		<name>3</name>
		<pose>Unspecified</pose>
		<truncated>0</truncated>
		<difficult>0</difficult>
		<bndbox>
			<xmin>142</xmin>
			<ymin>69</ymin>
			<xmax>184</xmax>
			<ymax>105</ymax>
		</bndbox>
	</object>
</annotation>
