<annotation>
	<folder>dataset_out</folder>
	<filename>136.jpg</filename>
	<path>C:\Users\brimon\Desktop\dataset_out\136.jpg</path>
	<source>
		<database>Unknown</database>
	</source>
	<size>
		<width>224</width>
		<height>224</height>
		<depth>3</depth>
	</size>
	<segmented>0</segmented>
	<object>
		<name>3</name>
		<pose>Unspecified</pose>
		<truncated>0</truncated>
		<difficult>0</difficult>
		<bndbox>
			<xmin>12</xmin>
			<ymin>67</ymin>
			<xmax>66</xmax>
			<ymax>129</ymax>
		</bndbox>
	</object>
	<object>
		<name>4</name>
		<pose>Unspecified</pose>
		<truncated>0</truncated>
		<difficult>0</difficult>
		<bndbox>
			<xmin>99</xmin>
			<ymin>70</ymin>
			<xmax>157</xmax>
			<ymax>142</ymax>
		</bndbox>
	</object>
</annotation>
