<annotation>
	<folder>dataset_out</folder>
	<filename>1367.jpg</filename>
	<path>C:\Users\brimon\Desktop\dataset_out\1367.jpg</path>
	<source>
		<database>Unknown</database>
	</source>
	<size>
		<width>224</width>
		<height>224</height>
		<depth>3</depth>
	</size>
	<segmented>0</segmented>
	<object>
		<name>7</name>
		<pose>Unspecified</pose>
		<truncated>0</truncated>
		<difficult>0</difficult>
		<bndbox>
			<xmin>49</xmin>
			<ymin>69</ymin>
			<xmax>115</xmax>
			<ymax>120</ymax>
		</bndbox>
	</object>
</annotation>
