<annotation>
	<folder>dataset_out</folder>
	<filename>137.jpg</filename>
	<path>C:\Users\brimon\Desktop\dataset_out\137.jpg</path>
	<source>
		<database>Unknown</database>
	</source>
	<size>
		<width>224</width>
		<height>224</height>
		<depth>3</depth>
	</size>
	<segmented>0</segmented>
	<object>
		<name>3</name>
		<pose>Unspecified</pose>
		<truncated>0</truncated>
		<difficult>0</difficult>
		<bndbox>
			<xmin>19</xmin>
			<ymin>100</ymin>
			<xmax>80</xmax>
			<ymax>169</ymax>
		</bndbox>
	</object>
	<object>
		<name>4</name>
		<pose>Unspecified</pose>
		<truncated>0</truncated>
		<difficult>0</difficult>
		<bndbox>
			<xmin>115</xmin>
			<ymin>79</ymin>
			<xmax>174</xmax>
			<ymax>151</ymax>
		</bndbox>
	</object>
</annotation>
