<annotation>
	<folder>dataset_out</folder>
	<filename>1382.jpg</filename>
	<path>C:\Users\brimon\Desktop\dataset_out\1382.jpg</path>
	<source>
		<database>Unknown</database>
	</source>
	<size>
		<width>224</width>
		<height>224</height>
		<depth>3</depth>
	</size>
	<segmented>0</segmented>
	<object>
		<name>7</name>
		<pose>Unspecified</pose>
		<truncated>1</truncated>
		<difficult>0</difficult>
		<bndbox>
			<xmin>1</xmin>
			<ymin>72</ymin>
			<xmax>59</xmax>
			<ymax>129</ymax>
		</bndbox>
	</object>
	<object>
		<name>3</name>
		<pose>Unspecified</pose>
		<truncated>0</truncated>
		<difficult>0</difficult>
		<bndbox>
			<xmin>136</xmin>
			<ymin>18</ymin>
			<xmax>192</xmax>
			<ymax>55</ymax>
		</bndbox>
	</object>
</annotation>
