<annotation>
	<folder>dataset_out</folder>
	<filename>14.jpg</filename>
	<path>C:\Users\brimon\Desktop\dataset_out\14.jpg</path>
	<source>
		<database>Unknown</database>
	</source>
	<size>
		<width>224</width>
		<height>224</height>
		<depth>3</depth>
	</size>
	<segmented>0</segmented>
	<object>
		<name>1</name>
		<pose>Unspecified</pose>
		<truncated>0</truncated>
		<difficult>0</difficult>
		<bndbox>
			<xmin>39</xmin>
			<ymin>53</ymin>
			<xmax>99</xmax>
			<ymax>124</ymax>
		</bndbox>
	</object>
	<object>
		<name>2</name>
		<pose>Unspecified</pose>
		<truncated>1</truncated>
		<difficult>0</difficult>
		<bndbox>
			<xmin>150</xmin>
			<ymin>53</ymin>
			<xmax>224</xmax>
			<ymax>120</ymax>
		</bndbox>
	</object>
</annotation>
