<annotation>
	<folder>dataset_out</folder>
	<filename>140.jpg</filename>
	<path>C:\Users\brimon\Desktop\dataset_out\140.jpg</path>
	<source>
		<database>Unknown</database>
	</source>
	<size>
		<width>224</width>
		<height>224</height>
		<depth>3</depth>
	</size>
	<segmented>0</segmented>
	<object>
		<name>3</name>
		<pose>Unspecified</pose>
		<truncated>0</truncated>
		<difficult>0</difficult>
		<bndbox>
			<xmin>12</xmin>
			<ymin>130</ymin>
			<xmax>67</xmax>
			<ymax>199</ymax>
		</bndbox>
	</object>
	<object>
		<name>4</name>
		<pose>Unspecified</pose>
		<truncated>0</truncated>
		<difficult>0</difficult>
		<bndbox>
			<xmin>99</xmin>
			<ymin>126</ymin>
			<xmax>155</xmax>
			<ymax>194</ymax>
		</bndbox>
	</object>
</annotation>
