<annotation>
	<folder>dataset_out</folder>
	<filename>142.jpg</filename>
	<path>C:\Users\brimon\Desktop\dataset_out\142.jpg</path>
	<source>
		<database>Unknown</database>
	</source>
	<size>
		<width>224</width>
		<height>224</height>
		<depth>3</depth>
	</size>
	<segmented>0</segmented>
	<object>
		<name>3</name>
		<pose>Unspecified</pose>
		<truncated>0</truncated>
		<difficult>0</difficult>
		<bndbox>
			<xmin>31</xmin>
			<ymin>88</ymin>
			<xmax>80</xmax>
			<ymax>141</ymax>
		</bndbox>
	</object>
	<object>
		<name>4</name>
		<pose>Unspecified</pose>
		<truncated>0</truncated>
		<difficult>0</difficult>
		<bndbox>
			<xmin>114</xmin>
			<ymin>80</ymin>
			<xmax>170</xmax>
			<ymax>139</ymax>
		</bndbox>
	</object>
</annotation>
