<annotation>
	<folder>dataset_out</folder>
	<filename>143.jpg</filename>
	<path>C:\Users\brimon\Desktop\dataset_out\143.jpg</path>
	<source>
		<database>Unknown</database>
	</source>
	<size>
		<width>224</width>
		<height>224</height>
		<depth>3</depth>
	</size>
	<segmented>0</segmented>
	<object>
		<name>3</name>
		<pose>Unspecified</pose>
		<truncated>0</truncated>
		<difficult>0</difficult>
		<bndbox>
			<xmin>19</xmin>
			<ymin>65</ymin>
			<xmax>77</xmax>
			<ymax>127</ymax>
		</bndbox>
	</object>
	<object>
		<name>4</name>
		<pose>Unspecified</pose>
		<truncated>0</truncated>
		<difficult>0</difficult>
		<bndbox>
			<xmin>113</xmin>
			<ymin>61</ymin>
			<xmax>173</xmax>
			<ymax>123</ymax>
		</bndbox>
	</object>
</annotation>
