<annotation>
	<folder>dataset_out</folder>
	<filename>144.jpg</filename>
	<path>C:\Users\brimon\Desktop\dataset_out\144.jpg</path>
	<source>
		<database>Unknown</database>
	</source>
	<size>
		<width>224</width>
		<height>224</height>
		<depth>3</depth>
	</size>
	<segmented>0</segmented>
	<object>
		<name>3</name>
		<pose>Unspecified</pose>
		<truncated>0</truncated>
		<difficult>0</difficult>
		<bndbox>
			<xmin>44</xmin>
			<ymin>108</ymin>
			<xmax>99</xmax>
			<ymax>165</ymax>
		</bndbox>
	</object>
	<object>
		<name>4</name>
		<pose>Unspecified</pose>
		<truncated>0</truncated>
		<difficult>0</difficult>
		<bndbox>
			<xmin>141</xmin>
			<ymin>104</ymin>
			<xmax>198</xmax>
			<ymax>170</ymax>
		</bndbox>
	</object>
</annotation>
