<annotation>
	<folder>dataset_out</folder>
	<filename>145.jpg</filename>
	<path>C:\Users\brimon\Desktop\dataset_out\145.jpg</path>
	<source>
		<database>Unknown</database>
	</source>
	<size>
		<width>224</width>
		<height>224</height>
		<depth>3</depth>
	</size>
	<segmented>0</segmented>
	<object>
		<name>3</name>
		<pose>Unspecified</pose>
		<truncated>0</truncated>
		<difficult>0</difficult>
		<bndbox>
			<xmin>55</xmin>
			<ymin>98</ymin>
			<xmax>112</xmax>
			<ymax>168</ymax>
		</bndbox>
	</object>
	<object>
		<name>4</name>
		<pose>Unspecified</pose>
		<truncated>0</truncated>
		<difficult>0</difficult>
		<bndbox>
			<xmin>143</xmin>
			<ymin>101</ymin>
			<xmax>192</xmax>
			<ymax>168</ymax>
		</bndbox>
	</object>
</annotation>
