<annotation>
	<folder>dataset_out</folder>
	<filename>149.jpg</filename>
	<path>C:\Users\brimon\Desktop\dataset_out\149.jpg</path>
	<source>
		<database>Unknown</database>
	</source>
	<size>
		<width>224</width>
		<height>224</height>
		<depth>3</depth>
	</size>
	<segmented>0</segmented>
	<object>
		<name>3</name>
		<pose>Unspecified</pose>
		<truncated>0</truncated>
		<difficult>0</difficult>
		<bndbox>
			<xmin>18</xmin>
			<ymin>107</ymin>
			<xmax>78</xmax>
			<ymax>182</ymax>
		</bndbox>
	</object>
	<object>
		<name>4</name>
		<pose>Unspecified</pose>
		<truncated>0</truncated>
		<difficult>0</difficult>
		<bndbox>
			<xmin>113</xmin>
			<ymin>99</ymin>
			<xmax>170</xmax>
			<ymax>175</ymax>
		</bndbox>
	</object>
</annotation>
