<annotation>
	<folder>dataset_out</folder>
	<filename>15.jpg</filename>
	<path>C:\Users\brimon\Desktop\dataset_out\15.jpg</path>
	<source>
		<database>Unknown</database>
	</source>
	<size>
		<width>224</width>
		<height>224</height>
		<depth>3</depth>
	</size>
	<segmented>0</segmented>
	<object>
		<name>1</name>
		<pose>Unspecified</pose>
		<truncated>0</truncated>
		<difficult>0</difficult>
		<bndbox>
			<xmin>10</xmin>
			<ymin>59</ymin>
			<xmax>55</xmax>
			<ymax>124</ymax>
		</bndbox>
	</object>
	<object>
		<name>2</name>
		<pose>Unspecified</pose>
		<truncated>0</truncated>
		<difficult>0</difficult>
		<bndbox>
			<xmin>108</xmin>
			<ymin>59</ymin>
			<xmax>177</xmax>
			<ymax>127</ymax>
		</bndbox>
	</object>
</annotation>
