<annotation>
	<folder>dataset_out</folder>
	<filename>151.jpg</filename>
	<path>C:\Users\brimon\Desktop\dataset_out\151.jpg</path>
	<source>
		<database>Unknown</database>
	</source>
	<size>
		<width>224</width>
		<height>224</height>
		<depth>3</depth>
	</size>
	<segmented>0</segmented>
	<object>
		<name>3</name>
		<pose>Unspecified</pose>
		<truncated>0</truncated>
		<difficult>0</difficult>
		<bndbox>
			<xmin>29</xmin>
			<ymin>80</ymin>
			<xmax>81</xmax>
			<ymax>141</ymax>
		</bndbox>
	</object>
	<object>
		<name>4</name>
		<pose>Unspecified</pose>
		<truncated>0</truncated>
		<difficult>0</difficult>
		<bndbox>
			<xmin>118</xmin>
			<ymin>66</ymin>
			<xmax>176</xmax>
			<ymax>135</ymax>
		</bndbox>
	</object>
</annotation>
