<annotation>
	<folder>dataset_out</folder>
	<filename>152.jpg</filename>
	<path>C:\Users\brimon\Desktop\dataset_out\152.jpg</path>
	<source>
		<database>Unknown</database>
	</source>
	<size>
		<width>224</width>
		<height>224</height>
		<depth>3</depth>
	</size>
	<segmented>0</segmented>
	<object>
		<name>3</name>
		<pose>Unspecified</pose>
		<truncated>0</truncated>
		<difficult>0</difficult>
		<bndbox>
			<xmin>62</xmin>
			<ymin>107</ymin>
			<xmax>111</xmax>
			<ymax>171</ymax>
		</bndbox>
	</object>
	<object>
		<name>4</name>
		<pose>Unspecified</pose>
		<truncated>0</truncated>
		<difficult>0</difficult>
		<bndbox>
			<xmin>144</xmin>
			<ymin>102</ymin>
			<xmax>200</xmax>
			<ymax>176</ymax>
		</bndbox>
	</object>
</annotation>
