<annotation>
	<folder>dataset_out</folder>
	<filename>153.jpg</filename>
	<path>C:\Users\brimon\Desktop\dataset_out\153.jpg</path>
	<source>
		<database>Unknown</database>
	</source>
	<size>
		<width>224</width>
		<height>224</height>
		<depth>3</depth>
	</size>
	<segmented>0</segmented>
	<object>
		<name>3</name>
		<pose>Unspecified</pose>
		<truncated>0</truncated>
		<difficult>0</difficult>
		<bndbox>
			<xmin>10</xmin>
			<ymin>105</ymin>
			<xmax>71</xmax>
			<ymax>171</ymax>
		</bndbox>
	</object>
	<object>
		<name>4</name>
		<pose>Unspecified</pose>
		<truncated>0</truncated>
		<difficult>0</difficult>
		<bndbox>
			<xmin>109</xmin>
			<ymin>92</ymin>
			<xmax>170</xmax>
			<ymax>161</ymax>
		</bndbox>
	</object>
</annotation>
