<annotation>
	<folder>dataset_out</folder>
	<filename>16.jpg</filename>
	<path>C:\Users\brimon\Desktop\dataset_out\16.jpg</path>
	<source>
		<database>Unknown</database>
	</source>
	<size>
		<width>224</width>
		<height>224</height>
		<depth>3</depth>
	</size>
	<segmented>0</segmented>
	<object>
		<name>1</name>
		<pose>Unspecified</pose>
		<truncated>0</truncated>
		<difficult>0</difficult>
		<bndbox>
			<xmin>14</xmin>
			<ymin>81</ymin>
			<xmax>63</xmax>
			<ymax>153</ymax>
		</bndbox>
	</object>
	<object>
		<name>2</name>
		<pose>Unspecified</pose>
		<truncated>0</truncated>
		<difficult>0</difficult>
		<bndbox>
			<xmin>93</xmin>
			<ymin>89</ymin>
			<xmax>174</xmax>
			<ymax>166</ymax>
		</bndbox>
	</object>
</annotation>
