<annotation>
	<folder>dataset_out</folder>
	<filename>160.jpg</filename>
	<path>C:\Users\brimon\Desktop\dataset_out\160.jpg</path>
	<source>
		<database>Unknown</database>
	</source>
	<size>
		<width>224</width>
		<height>224</height>
		<depth>3</depth>
	</size>
	<segmented>0</segmented>
	<object>
		<name>3</name>
		<pose>Unspecified</pose>
		<truncated>0</truncated>
		<difficult>0</difficult>
		<bndbox>
			<xmin>23</xmin>
			<ymin>93</ymin>
			<xmax>82</xmax>
			<ymax>162</ymax>
		</bndbox>
	</object>
	<object>
		<name>4</name>
		<pose>Unspecified</pose>
		<truncated>0</truncated>
		<difficult>0</difficult>
		<bndbox>
			<xmin>120</xmin>
			<ymin>85</ymin>
			<xmax>181</xmax>
			<ymax>157</ymax>
		</bndbox>
	</object>
</annotation>
