<annotation>
	<folder>dataset_out</folder>
	<filename>161.jpg</filename>
	<path>C:\Users\brimon\Desktop\dataset_out\161.jpg</path>
	<source>
		<database>Unknown</database>
	</source>
	<size>
		<width>224</width>
		<height>224</height>
		<depth>3</depth>
	</size>
	<segmented>0</segmented>
	<object>
		<name>3</name>
		<pose>Unspecified</pose>
		<truncated>0</truncated>
		<difficult>0</difficult>
		<bndbox>
			<xmin>38</xmin>
			<ymin>98</ymin>
			<xmax>95</xmax>
			<ymax>155</ymax>
		</bndbox>
	</object>
	<object>
		<name>4</name>
		<pose>Unspecified</pose>
		<truncated>0</truncated>
		<difficult>0</difficult>
		<bndbox>
			<xmin>137</xmin>
			<ymin>90</ymin>
			<xmax>194</xmax>
			<ymax>149</ymax>
		</bndbox>
	</object>
</annotation>
