<annotation>
	<folder>dataset_out</folder>
	<filename>162.jpg</filename>
	<path>C:\Users\brimon\Desktop\dataset_out\162.jpg</path>
	<source>
		<database>Unknown</database>
	</source>
	<size>
		<width>224</width>
		<height>224</height>
		<depth>3</depth>
	</size>
	<segmented>0</segmented>
	<object>
		<name>3</name>
		<pose>Unspecified</pose>
		<truncated>0</truncated>
		<difficult>0</difficult>
		<bndbox>
			<xmin>19</xmin>
			<ymin>101</ymin>
			<xmax>77</xmax>
			<ymax>170</ymax>
		</bndbox>
	</object>
	<object>
		<name>4</name>
		<pose>Unspecified</pose>
		<truncated>0</truncated>
		<difficult>0</difficult>
		<bndbox>
			<xmin>114</xmin>
			<ymin>90</ymin>
			<xmax>175</xmax>
			<ymax>162</ymax>
		</bndbox>
	</object>
</annotation>
