<annotation>
	<folder>dataset_out</folder>
	<filename>163.jpg</filename>
	<path>C:\Users\brimon\Desktop\dataset_out\163.jpg</path>
	<source>
		<database>Unknown</database>
	</source>
	<size>
		<width>224</width>
		<height>224</height>
		<depth>3</depth>
	</size>
	<segmented>0</segmented>
	<object>
		<name>3</name>
		<pose>Unspecified</pose>
		<truncated>0</truncated>
		<difficult>0</difficult>
		<bndbox>
			<xmin>28</xmin>
			<ymin>69</ymin>
			<xmax>84</xmax>
			<ymax>145</ymax>
		</bndbox>
	</object>
	<object>
		<name>4</name>
		<pose>Unspecified</pose>
		<truncated>0</truncated>
		<difficult>0</difficult>
		<bndbox>
			<xmin>119</xmin>
			<ymin>60</ymin>
			<xmax>179</xmax>
			<ymax>144</ymax>
		</bndbox>
	</object>
</annotation>
