<annotation>
	<folder>dataset_out</folder>
	<filename>164.jpg</filename>
	<path>C:\Users\brimon\Desktop\dataset_out\164.jpg</path>
	<source>
		<database>Unknown</database>
	</source>
	<size>
		<width>224</width>
		<height>224</height>
		<depth>3</depth>
	</size>
	<segmented>0</segmented>
	<object>
		<name>3</name>
		<pose>Unspecified</pose>
		<truncated>0</truncated>
		<difficult>0</difficult>
		<bndbox>
			<xmin>35</xmin>
			<ymin>77</ymin>
			<xmax>88</xmax>
			<ymax>137</ymax>
		</bndbox>
	</object>
	<object>
		<name>4</name>
		<pose>Unspecified</pose>
		<truncated>0</truncated>
		<difficult>0</difficult>
		<bndbox>
			<xmin>124</xmin>
			<ymin>66</ymin>
			<xmax>184</xmax>
			<ymax>130</ymax>
		</bndbox>
	</object>
</annotation>
