<annotation>
	<folder>dataset_out</folder>
	<filename>165.jpg</filename>
	<path>C:\Users\brimon\Desktop\dataset_out\165.jpg</path>
	<source>
		<database>Unknown</database>
	</source>
	<size>
		<width>224</width>
		<height>224</height>
		<depth>3</depth>
	</size>
	<segmented>0</segmented>
	<object>
		<name>3</name>
		<pose>Unspecified</pose>
		<truncated>0</truncated>
		<difficult>0</difficult>
		<bndbox>
			<xmin>44</xmin>
			<ymin>70</ymin>
			<xmax>108</xmax>
			<ymax>151</ymax>
		</bndbox>
	</object>
	<object>
		<name>4</name>
		<pose>Unspecified</pose>
		<truncated>0</truncated>
		<difficult>0</difficult>
		<bndbox>
			<xmin>151</xmin>
			<ymin>70</ymin>
			<xmax>212</xmax>
			<ymax>151</ymax>
		</bndbox>
	</object>
</annotation>
