<annotation>
	<folder>dataset_out</folder>
	<filename>166.jpg</filename>
	<path>C:\Users\brimon\Desktop\dataset_out\166.jpg</path>
	<source>
		<database>Unknown</database>
	</source>
	<size>
		<width>224</width>
		<height>224</height>
		<depth>3</depth>
	</size>
	<segmented>0</segmented>
	<object>
		<name>3</name>
		<pose>Unspecified</pose>
		<truncated>0</truncated>
		<difficult>0</difficult>
		<bndbox>
			<xmin>15</xmin>
			<ymin>101</ymin>
			<xmax>73</xmax>
			<ymax>191</ymax>
		</bndbox>
	</object>
	<object>
		<name>4</name>
		<pose>Unspecified</pose>
		<truncated>0</truncated>
		<difficult>0</difficult>
		<bndbox>
			<xmin>119</xmin>
			<ymin>89</ymin>
			<xmax>184</xmax>
			<ymax>180</ymax>
		</bndbox>
	</object>
</annotation>
