<annotation>
	<folder>dataset_out</folder>
	<filename>167.jpg</filename>
	<path>C:\Users\brimon\Desktop\dataset_out\167.jpg</path>
	<source>
		<database>Unknown</database>
	</source>
	<size>
		<width>224</width>
		<height>224</height>
		<depth>3</depth>
	</size>
	<segmented>0</segmented>
	<object>
		<name>3</name>
		<pose>Unspecified</pose>
		<truncated>0</truncated>
		<difficult>0</difficult>
		<bndbox>
			<xmin>37</xmin>
			<ymin>82</ymin>
			<xmax>97</xmax>
			<ymax>142</ymax>
		</bndbox>
	</object>
	<object>
		<name>4</name>
		<pose>Unspecified</pose>
		<truncated>0</truncated>
		<difficult>0</difficult>
		<bndbox>
			<xmin>134</xmin>
			<ymin>73</ymin>
			<xmax>198</xmax>
			<ymax>131</ymax>
		</bndbox>
	</object>
</annotation>
