<annotation>
	<folder>dataset_out</folder>
	<filename>168.jpg</filename>
	<path>C:\Users\brimon\Desktop\dataset_out\168.jpg</path>
	<source>
		<database>Unknown</database>
	</source>
	<size>
		<width>224</width>
		<height>224</height>
		<depth>3</depth>
	</size>
	<segmented>0</segmented>
	<object>
		<name>3</name>
		<pose>Unspecified</pose>
		<truncated>0</truncated>
		<difficult>0</difficult>
		<bndbox>
			<xmin>49</xmin>
			<ymin>78</ymin>
			<xmax>114</xmax>
			<ymax>167</ymax>
		</bndbox>
	</object>
	<object>
		<name>4</name>
		<pose>Unspecified</pose>
		<truncated>0</truncated>
		<difficult>0</difficult>
		<bndbox>
			<xmin>151</xmin>
			<ymin>96</ymin>
			<xmax>206</xmax>
			<ymax>166</ymax>
		</bndbox>
	</object>
</annotation>
