<annotation>
	<folder>dataset_out</folder>
	<filename>17.jpg</filename>
	<path>C:\Users\brimon\Desktop\dataset_out\17.jpg</path>
	<source>
		<database>Unknown</database>
	</source>
	<size>
		<width>224</width>
		<height>224</height>
		<depth>3</depth>
	</size>
	<segmented>0</segmented>
	<object>
		<name>1</name>
		<pose>Unspecified</pose>
		<truncated>0</truncated>
		<difficult>0</difficult>
		<bndbox>
			<xmin>48</xmin>
			<ymin>73</ymin>
			<xmax>98</xmax>
			<ymax>156</ymax>
		</bndbox>
	</object>
	<object>
		<name>2</name>
		<pose>Unspecified</pose>
		<truncated>1</truncated>
		<difficult>0</difficult>
		<bndbox>
			<xmin>156</xmin>
			<ymin>62</ymin>
			<xmax>224</xmax>
			<ymax>145</ymax>
		</bndbox>
	</object>
</annotation>
