<annotation>
	<folder>dataset_out</folder>
	<filename>170.jpg</filename>
	<path>C:\Users\brimon\Desktop\dataset_out\170.jpg</path>
	<source>
		<database>Unknown</database>
	</source>
	<size>
		<width>224</width>
		<height>224</height>
		<depth>3</depth>
	</size>
	<segmented>0</segmented>
	<object>
		<name>3</name>
		<pose>Unspecified</pose>
		<truncated>0</truncated>
		<difficult>0</difficult>
		<bndbox>
			<xmin>43</xmin>
			<ymin>79</ymin>
			<xmax>104</xmax>
			<ymax>166</ymax>
		</bndbox>
	</object>
	<object>
		<name>4</name>
		<pose>Unspecified</pose>
		<truncated>0</truncated>
		<difficult>0</difficult>
		<bndbox>
			<xmin>150</xmin>
			<ymin>75</ymin>
			<xmax>209</xmax>
			<ymax>157</ymax>
		</bndbox>
	</object>
</annotation>
