<annotation>
	<folder>dataset_out</folder>
	<filename>171.jpg</filename>
	<path>C:\Users\brimon\Desktop\dataset_out\171.jpg</path>
	<source>
		<database>Unknown</database>
	</source>
	<size>
		<width>224</width>
		<height>224</height>
		<depth>3</depth>
	</size>
	<segmented>0</segmented>
	<object>
		<name>3</name>
		<pose>Unspecified</pose>
		<truncated>0</truncated>
		<difficult>0</difficult>
		<bndbox>
			<xmin>17</xmin>
			<ymin>63</ymin>
			<xmax>89</xmax>
			<ymax>148</ymax>
		</bndbox>
	</object>
	<object>
		<name>4</name>
		<pose>Unspecified</pose>
		<truncated>0</truncated>
		<difficult>0</difficult>
		<bndbox>
			<xmin>136</xmin>
			<ymin>56</ymin>
			<xmax>203</xmax>
			<ymax>143</ymax>
		</bndbox>
	</object>
</annotation>
