<annotation>
	<folder>dataset_out</folder>
	<filename>172.jpg</filename>
	<path>C:\Users\brimon\Desktop\dataset_out\172.jpg</path>
	<source>
		<database>Unknown</database>
	</source>
	<size>
		<width>224</width>
		<height>224</height>
		<depth>3</depth>
	</size>
	<segmented>0</segmented>
	<object>
		<name>3</name>
		<pose>Unspecified</pose>
		<truncated>0</truncated>
		<difficult>0</difficult>
		<bndbox>
			<xmin>17</xmin>
			<ymin>82</ymin>
			<xmax>79</xmax>
			<ymax>145</ymax>
		</bndbox>
	</object>
	<object>
		<name>4</name>
		<pose>Unspecified</pose>
		<truncated>0</truncated>
		<difficult>0</difficult>
		<bndbox>
			<xmin>120</xmin>
			<ymin>82</ymin>
			<xmax>185</xmax>
			<ymax>147</ymax>
		</bndbox>
	</object>
</annotation>
