<annotation>
	<folder>dataset_out</folder>
	<filename>173.jpg</filename>
	<path>C:\Users\brimon\Desktop\dataset_out\173.jpg</path>
	<source>
		<database>Unknown</database>
	</source>
	<size>
		<width>224</width>
		<height>224</height>
		<depth>3</depth>
	</size>
	<segmented>0</segmented>
	<object>
		<name>3</name>
		<pose>Unspecified</pose>
		<truncated>0</truncated>
		<difficult>0</difficult>
		<bndbox>
			<xmin>21</xmin>
			<ymin>103</ymin>
			<xmax>83</xmax>
			<ymax>177</ymax>
		</bndbox>
	</object>
	<object>
		<name>4</name>
		<pose>Unspecified</pose>
		<truncated>0</truncated>
		<difficult>0</difficult>
		<bndbox>
			<xmin>123</xmin>
			<ymin>99</ymin>
			<xmax>180</xmax>
			<ymax>171</ymax>
		</bndbox>
	</object>
</annotation>
