<annotation>
	<folder>dataset_out</folder>
	<filename>174.jpg</filename>
	<path>C:\Users\brimon\Desktop\dataset_out\174.jpg</path>
	<source>
		<database>Unknown</database>
	</source>
	<size>
		<width>224</width>
		<height>224</height>
		<depth>3</depth>
	</size>
	<segmented>0</segmented>
	<object>
		<name>3</name>
		<pose>Unspecified</pose>
		<truncated>0</truncated>
		<difficult>0</difficult>
		<bndbox>
			<xmin>34</xmin>
			<ymin>96</ymin>
			<xmax>90</xmax>
			<ymax>170</ymax>
		</bndbox>
	</object>
	<object>
		<name>4</name>
		<pose>Unspecified</pose>
		<truncated>0</truncated>
		<difficult>0</difficult>
		<bndbox>
			<xmin>128</xmin>
			<ymin>90</ymin>
			<xmax>190</xmax>
			<ymax>164</ymax>
		</bndbox>
	</object>
</annotation>
