<annotation>
	<folder>dataset_out</folder>
	<filename>175.jpg</filename>
	<path>C:\Users\brimon\Desktop\dataset_out\175.jpg</path>
	<source>
		<database>Unknown</database>
	</source>
	<size>
		<width>224</width>
		<height>224</height>
		<depth>3</depth>
	</size>
	<segmented>0</segmented>
	<object>
		<name>3</name>
		<pose>Unspecified</pose>
		<truncated>0</truncated>
		<difficult>0</difficult>
		<bndbox>
			<xmin>11</xmin>
			<ymin>88</ymin>
			<xmax>69</xmax>
			<ymax>160</ymax>
		</bndbox>
	</object>
	<object>
		<name>4</name>
		<pose>Unspecified</pose>
		<truncated>0</truncated>
		<difficult>0</difficult>
		<bndbox>
			<xmin>107</xmin>
			<ymin>80</ymin>
			<xmax>161</xmax>
			<ymax>159</ymax>
		</bndbox>
	</object>
</annotation>
