<annotation>
	<folder>dataset_out</folder>
	<filename>176.jpg</filename>
	<path>C:\Users\brimon\Desktop\dataset_out\176.jpg</path>
	<source>
		<database>Unknown</database>
	</source>
	<size>
		<width>224</width>
		<height>224</height>
		<depth>3</depth>
	</size>
	<segmented>0</segmented>
	<object>
		<name>3</name>
		<pose>Unspecified</pose>
		<truncated>0</truncated>
		<difficult>0</difficult>
		<bndbox>
			<xmin>17</xmin>
			<ymin>106</ymin>
			<xmax>72</xmax>
			<ymax>175</ymax>
		</bndbox>
	</object>
	<object>
		<name>4</name>
		<pose>Unspecified</pose>
		<truncated>0</truncated>
		<difficult>0</difficult>
		<bndbox>
			<xmin>116</xmin>
			<ymin>99</ymin>
			<xmax>172</xmax>
			<ymax>163</ymax>
		</bndbox>
	</object>
</annotation>
