<annotation>
	<folder>dataset_out</folder>
	<filename>177.jpg</filename>
	<path>C:\Users\brimon\Desktop\dataset_out\177.jpg</path>
	<source>
		<database>Unknown</database>
	</source>
	<size>
		<width>224</width>
		<height>224</height>
		<depth>3</depth>
	</size>
	<segmented>0</segmented>
	<object>
		<name>3</name>
		<pose>Unspecified</pose>
		<truncated>0</truncated>
		<difficult>0</difficult>
		<bndbox>
			<xmin>22</xmin>
			<ymin>81</ymin>
			<xmax>84</xmax>
			<ymax>145</ymax>
		</bndbox>
	</object>
	<object>
		<name>4</name>
		<pose>Unspecified</pose>
		<truncated>0</truncated>
		<difficult>0</difficult>
		<bndbox>
			<xmin>124</xmin>
			<ymin>73</ymin>
			<xmax>190</xmax>
			<ymax>133</ymax>
		</bndbox>
	</object>
</annotation>
