<annotation>
	<folder>dataset_out</folder>
	<filename>178.jpg</filename>
	<path>C:\Users\brimon\Desktop\dataset_out\178.jpg</path>
	<source>
		<database>Unknown</database>
	</source>
	<size>
		<width>224</width>
		<height>224</height>
		<depth>3</depth>
	</size>
	<segmented>0</segmented>
	<object>
		<name>3</name>
		<pose>Unspecified</pose>
		<truncated>0</truncated>
		<difficult>0</difficult>
		<bndbox>
			<xmin>29</xmin>
			<ymin>62</ymin>
			<xmax>94</xmax>
			<ymax>129</ymax>
		</bndbox>
	</object>
	<object>
		<name>4</name>
		<pose>Unspecified</pose>
		<truncated>0</truncated>
		<difficult>0</difficult>
		<bndbox>
			<xmin>137</xmin>
			<ymin>60</ymin>
			<xmax>200</xmax>
			<ymax>125</ymax>
		</bndbox>
	</object>
</annotation>
