<annotation>
	<folder>dataset_out</folder>
	<filename>179.jpg</filename>
	<path>C:\Users\brimon\Desktop\dataset_out\179.jpg</path>
	<source>
		<database>Unknown</database>
	</source>
	<size>
		<width>224</width>
		<height>224</height>
		<depth>3</depth>
	</size>
	<segmented>0</segmented>
	<object>
		<name>3</name>
		<pose>Unspecified</pose>
		<truncated>0</truncated>
		<difficult>0</difficult>
		<bndbox>
			<xmin>72</xmin>
			<ymin>74</ymin>
			<xmax>130</xmax>
			<ymax>162</ymax>
		</bndbox>
	</object>
	<object>
		<name>4</name>
		<pose>Unspecified</pose>
		<truncated>1</truncated>
		<difficult>0</difficult>
		<bndbox>
			<xmin>175</xmin>
			<ymin>78</ymin>
			<xmax>224</xmax>
			<ymax>157</ymax>
		</bndbox>
	</object>
</annotation>
