<annotation>
	<folder>dataset_out</folder>
	<filename>18.jpg</filename>
	<path>C:\Users\brimon\Desktop\dataset_out\18.jpg</path>
	<source>
		<database>Unknown</database>
	</source>
	<size>
		<width>224</width>
		<height>224</height>
		<depth>3</depth>
	</size>
	<segmented>0</segmented>
	<object>
		<name>1</name>
		<pose>Unspecified</pose>
		<truncated>0</truncated>
		<difficult>0</difficult>
		<bndbox>
			<xmin>38</xmin>
			<ymin>67</ymin>
			<xmax>109</xmax>
			<ymax>154</ymax>
		</bndbox>
	</object>
	<object>
		<name>2</name>
		<pose>Unspecified</pose>
		<truncated>1</truncated>
		<difficult>0</difficult>
		<bndbox>
			<xmin>150</xmin>
			<ymin>41</ymin>
			<xmax>224</xmax>
			<ymax>121</ymax>
		</bndbox>
	</object>
</annotation>
