<annotation>
	<folder>dataset_out</folder>
	<filename>180.jpg</filename>
	<path>C:\Users\brimon\Desktop\dataset_out\180.jpg</path>
	<source>
		<database>Unknown</database>
	</source>
	<size>
		<width>224</width>
		<height>224</height>
		<depth>3</depth>
	</size>
	<segmented>0</segmented>
	<object>
		<name>4</name>
		<pose>Unspecified</pose>
		<truncated>0</truncated>
		<difficult>0</difficult>
		<bndbox>
			<xmin>9</xmin>
			<ymin>84</ymin>
			<xmax>72</xmax>
			<ymax>152</ymax>
		</bndbox>
	</object>
	<object>
		<name>3</name>
		<pose>Unspecified</pose>
		<truncated>0</truncated>
		<difficult>0</difficult>
		<bndbox>
			<xmin>127</xmin>
			<ymin>68</ymin>
			<xmax>198</xmax>
			<ymax>144</ymax>
		</bndbox>
	</object>
</annotation>
