<annotation>
	<folder>dataset_out</folder>
	<filename>181.jpg</filename>
	<path>C:\Users\brimon\Desktop\dataset_out\181.jpg</path>
	<source>
		<database>Unknown</database>
	</source>
	<size>
		<width>224</width>
		<height>224</height>
		<depth>3</depth>
	</size>
	<segmented>0</segmented>
	<object>
		<name>4</name>
		<pose>Unspecified</pose>
		<truncated>0</truncated>
		<difficult>0</difficult>
		<bndbox>
			<xmin>10</xmin>
			<ymin>78</ymin>
			<xmax>81</xmax>
			<ymax>156</ymax>
		</bndbox>
	</object>
	<object>
		<name>3</name>
		<pose>Unspecified</pose>
		<truncated>0</truncated>
		<difficult>0</difficult>
		<bndbox>
			<xmin>134</xmin>
			<ymin>73</ymin>
			<xmax>197</xmax>
			<ymax>147</ymax>
		</bndbox>
	</object>
</annotation>
