<annotation>
	<folder>dataset_out</folder>
	<filename>183.jpg</filename>
	<path>C:\Users\brimon\Desktop\dataset_out\183.jpg</path>
	<source>
		<database>Unknown</database>
	</source>
	<size>
		<width>224</width>
		<height>224</height>
		<depth>3</depth>
	</size>
	<segmented>0</segmented>
	<object>
		<name>4</name>
		<pose>Unspecified</pose>
		<truncated>0</truncated>
		<difficult>0</difficult>
		<bndbox>
			<xmin>53</xmin>
			<ymin>69</ymin>
			<xmax>114</xmax>
			<ymax>154</ymax>
		</bndbox>
	</object>
	<object>
		<name>3</name>
		<pose>Unspecified</pose>
		<truncated>1</truncated>
		<difficult>0</difficult>
		<bndbox>
			<xmin>164</xmin>
			<ymin>76</ymin>
			<xmax>224</xmax>
			<ymax>163</ymax>
		</bndbox>
	</object>
</annotation>
