<annotation>
	<folder>dataset_out</folder>
	<filename>184.jpg</filename>
	<path>C:\Users\brimon\Desktop\dataset_out\184.jpg</path>
	<source>
		<database>Unknown</database>
	</source>
	<size>
		<width>224</width>
		<height>224</height>
		<depth>3</depth>
	</size>
	<segmented>0</segmented>
	<object>
		<name>4</name>
		<pose>Unspecified</pose>
		<truncated>0</truncated>
		<difficult>0</difficult>
		<bndbox>
			<xmin>46</xmin>
			<ymin>110</ymin>
			<xmax>105</xmax>
			<ymax>194</ymax>
		</bndbox>
	</object>
	<object>
		<name>3</name>
		<pose>Unspecified</pose>
		<truncated>0</truncated>
		<difficult>0</difficult>
		<bndbox>
			<xmin>148</xmin>
			<ymin>107</ymin>
			<xmax>215</xmax>
			<ymax>187</ymax>
		</bndbox>
	</object>
</annotation>
