<annotation>
	<folder>dataset_out</folder>
	<filename>185.jpg</filename>
	<path>C:\Users\brimon\Desktop\dataset_out\185.jpg</path>
	<source>
		<database>Unknown</database>
	</source>
	<size>
		<width>224</width>
		<height>224</height>
		<depth>3</depth>
	</size>
	<segmented>0</segmented>
	<object>
		<name>4</name>
		<pose>Unspecified</pose>
		<truncated>0</truncated>
		<difficult>0</difficult>
		<bndbox>
			<xmin>30</xmin>
			<ymin>112</ymin>
			<xmax>87</xmax>
			<ymax>191</ymax>
		</bndbox>
	</object>
	<object>
		<name>3</name>
		<pose>Unspecified</pose>
		<truncated>0</truncated>
		<difficult>0</difficult>
		<bndbox>
			<xmin>133</xmin>
			<ymin>100</ymin>
			<xmax>195</xmax>
			<ymax>190</ymax>
		</bndbox>
	</object>
</annotation>
