<annotation>
	<folder>dataset_out</folder>
	<filename>186.jpg</filename>
	<path>C:\Users\brimon\Desktop\dataset_out\186.jpg</path>
	<source>
		<database>Unknown</database>
	</source>
	<size>
		<width>224</width>
		<height>224</height>
		<depth>3</depth>
	</size>
	<segmented>0</segmented>
	<object>
		<name>4</name>
		<pose>Unspecified</pose>
		<truncated>1</truncated>
		<difficult>0</difficult>
		<bndbox>
			<xmin>1</xmin>
			<ymin>92</ymin>
			<xmax>56</xmax>
			<ymax>169</ymax>
		</bndbox>
	</object>
	<object>
		<name>3</name>
		<pose>Unspecified</pose>
		<truncated>0</truncated>
		<difficult>0</difficult>
		<bndbox>
			<xmin>111</xmin>
			<ymin>68</ymin>
			<xmax>181</xmax>
			<ymax>154</ymax>
		</bndbox>
	</object>
</annotation>
