<annotation>
	<folder>dataset_out</folder>
	<filename>187.jpg</filename>
	<path>C:\Users\brimon\Desktop\dataset_out\187.jpg</path>
	<source>
		<database>Unknown</database>
	</source>
	<size>
		<width>224</width>
		<height>224</height>
		<depth>3</depth>
	</size>
	<segmented>0</segmented>
	<object>
		<name>4</name>
		<pose>Unspecified</pose>
		<truncated>0</truncated>
		<difficult>0</difficult>
		<bndbox>
			<xmin>8</xmin>
			<ymin>48</ymin>
			<xmax>79</xmax>
			<ymax>120</ymax>
		</bndbox>
	</object>
	<object>
		<name>3</name>
		<pose>Unspecified</pose>
		<truncated>0</truncated>
		<difficult>0</difficult>
		<bndbox>
			<xmin>142</xmin>
			<ymin>38</ymin>
			<xmax>222</xmax>
			<ymax>114</ymax>
		</bndbox>
	</object>
</annotation>
