<annotation>
	<folder>dataset_out</folder>
	<filename>19.jpg</filename>
	<path>C:\Users\brimon\Desktop\dataset_out\19.jpg</path>
	<source>
		<database>Unknown</database>
	</source>
	<size>
		<width>224</width>
		<height>224</height>
		<depth>3</depth>
	</size>
	<segmented>0</segmented>
	<object>
		<name>1</name>
		<pose>Unspecified</pose>
		<truncated>0</truncated>
		<difficult>0</difficult>
		<bndbox>
			<xmin>70</xmin>
			<ymin>20</ymin>
			<xmax>135</xmax>
			<ymax>104</ymax>
		</bndbox>
	</object>
</annotation>
