<annotation>
	<folder>dataset_out</folder>
	<filename>192.jpg</filename>
	<path>C:\Users\brimon\Desktop\dataset_out\192.jpg</path>
	<source>
		<database>Unknown</database>
	</source>
	<size>
		<width>224</width>
		<height>224</height>
		<depth>3</depth>
	</size>
	<segmented>0</segmented>
	<object>
		<name>4</name>
		<pose>Unspecified</pose>
		<truncated>0</truncated>
		<difficult>0</difficult>
		<bndbox>
			<xmin>26</xmin>
			<ymin>95</ymin>
			<xmax>87</xmax>
			<ymax>177</ymax>
		</bndbox>
	</object>
	<object>
		<name>3</name>
		<pose>Unspecified</pose>
		<truncated>0</truncated>
		<difficult>0</difficult>
		<bndbox>
			<xmin>132</xmin>
			<ymin>93</ymin>
			<xmax>200</xmax>
			<ymax>180</ymax>
		</bndbox>
	</object>
</annotation>
