<annotation>
	<folder>dataset_out</folder>
	<filename>193.jpg</filename>
	<path>C:\Users\brimon\Desktop\dataset_out\193.jpg</path>
	<source>
		<database>Unknown</database>
	</source>
	<size>
		<width>224</width>
		<height>224</height>
		<depth>3</depth>
	</size>
	<segmented>0</segmented>
	<object>
		<name>4</name>
		<pose>Unspecified</pose>
		<truncated>0</truncated>
		<difficult>0</difficult>
		<bndbox>
			<xmin>35</xmin>
			<ymin>80</ymin>
			<xmax>93</xmax>
			<ymax>155</ymax>
		</bndbox>
	</object>
	<object>
		<name>3</name>
		<pose>Unspecified</pose>
		<truncated>0</truncated>
		<difficult>0</difficult>
		<bndbox>
			<xmin>143</xmin>
			<ymin>72</ymin>
			<xmax>205</xmax>
			<ymax>154</ymax>
		</bndbox>
	</object>
</annotation>
