<annotation>
	<folder>dataset_out</folder>
	<filename>194.jpg</filename>
	<path>C:\Users\brimon\Desktop\dataset_out\194.jpg</path>
	<source>
		<database>Unknown</database>
	</source>
	<size>
		<width>224</width>
		<height>224</height>
		<depth>3</depth>
	</size>
	<segmented>0</segmented>
	<object>
		<name>4</name>
		<pose>Unspecified</pose>
		<truncated>0</truncated>
		<difficult>0</difficult>
		<bndbox>
			<xmin>2</xmin>
			<ymin>71</ymin>
			<xmax>68</xmax>
			<ymax>144</ymax>
		</bndbox>
	</object>
	<object>
		<name>3</name>
		<pose>Unspecified</pose>
		<truncated>0</truncated>
		<difficult>0</difficult>
		<bndbox>
			<xmin>117</xmin>
			<ymin>61</ymin>
			<xmax>190</xmax>
			<ymax>132</ymax>
		</bndbox>
	</object>
</annotation>
