<annotation>
	<folder>dataset_out</folder>
	<filename>195.jpg</filename>
	<path>C:\Users\brimon\Desktop\dataset_out\195.jpg</path>
	<source>
		<database>Unknown</database>
	</source>
	<size>
		<width>224</width>
		<height>224</height>
		<depth>3</depth>
	</size>
	<segmented>0</segmented>
	<object>
		<name>4</name>
		<pose>Unspecified</pose>
		<truncated>0</truncated>
		<difficult>0</difficult>
		<bndbox>
			<xmin>29</xmin>
			<ymin>83</ymin>
			<xmax>100</xmax>
			<ymax>155</ymax>
		</bndbox>
	</object>
	<object>
		<name>3</name>
		<pose>Unspecified</pose>
		<truncated>0</truncated>
		<difficult>0</difficult>
		<bndbox>
			<xmin>144</xmin>
			<ymin>86</ymin>
			<xmax>210</xmax>
			<ymax>149</ymax>
		</bndbox>
	</object>
</annotation>
